[
  {
    "pk": 1,
    "model": "contenttypes.contenttype",
    "fields": {
      "model": "logentry",
      "name": "log entry",
      "app_label": "admin"
    }
  },
  {
    "pk": 2,
    "model": "contenttypes.contenttype",
    "fields": {
      "model": "permission",
      "name": "permission",
      "app_label": "auth"
    }
  },
  {
    "pk": 3,
    "model": "contenttypes.contenttype",
    "fields": {
      "model": "group",
      "name": "group",
      "app_label": "auth"
    }
  },
  {
    "pk": 4,
    "model": "contenttypes.contenttype",
    "fields": {
      "model": "contenttype",
      "name": "content type",
      "app_label": "contenttypes"
    }
  },
  {
    "pk": 5,
    "model": "contenttypes.contenttype",
    "fields": {
      "model": "session",
      "name": "session",
      "app_label": "sessions"
    }
  },
  {
    "pk": 6,
    "model": "contenttypes.contenttype",
    "fields": {
      "model": "site",
      "name": "site",
      "app_label": "sites"
    }
  },
  {
    "pk": 7,
    "model": "contenttypes.contenttype",
    "fields": {
      "model": "migrationhistory",
      "name": "migration history",
      "app_label": "south"
    }
  },
  {
    "pk": 8,
    "model": "contenttypes.contenttype",
    "fields": {
      "model": "activity",
      "name": "activity",
      "app_label": "sentry"
    }
  },
  {
    "pk": 9,
    "model": "contenttypes.contenttype",
    "fields": {
      "model": "apikey",
      "name": "api key",
      "app_label": "sentry"
    }
  },
  {
    "pk": 10,
    "model": "contenttypes.contenttype",
    "fields": {
      "model": "apitoken",
      "name": "api token",
      "app_label": "sentry"
    }
  },
  {
    "pk": 11,
    "model": "contenttypes.contenttype",
    "fields": {
      "model": "auditlogentry",
      "name": "audit log entry",
      "app_label": "sentry"
    }
  },
  {
    "pk": 12,
    "model": "contenttypes.contenttype",
    "fields": {
      "model": "authenticator",
      "name": "authenticator",
      "app_label": "sentry"
    }
  },
  {
    "pk": 13,
    "model": "contenttypes.contenttype",
    "fields": {
      "model": "authidentity",
      "name": "auth identity",
      "app_label": "sentry"
    }
  },
  {
    "pk": 14,
    "model": "contenttypes.contenttype",
    "fields": {
      "model": "authprovider",
      "name": "auth provider",
      "app_label": "sentry"
    }
  },
  {
    "pk": 15,
    "model": "contenttypes.contenttype",
    "fields": {
      "model": "broadcast",
      "name": "broadcast",
      "app_label": "sentry"
    }
  },
  {
    "pk": 16,
    "model": "contenttypes.contenttype",
    "fields": {
      "model": "broadcastseen",
      "name": "broadcast seen",
      "app_label": "sentry"
    }
  },
  {
    "pk": 17,
    "model": "contenttypes.contenttype",
    "fields": {
      "model": "counter",
      "name": "counter",
      "app_label": "sentry"
    }
  },
  {
    "pk": 18,
    "model": "contenttypes.contenttype",
    "fields": {
      "model": "fileblob",
      "name": "file blob",
      "app_label": "sentry"
    }
  },
  {
    "pk": 19,
    "model": "contenttypes.contenttype",
    "fields": {
      "model": "file",
      "name": "file",
      "app_label": "sentry"
    }
  },
  {
    "pk": 20,
    "model": "contenttypes.contenttype",
    "fields": {
      "model": "fileblobindex",
      "name": "file blob index",
      "app_label": "sentry"
    }
  },
  {
    "pk": 21,
    "model": "contenttypes.contenttype",
    "fields": {
      "model": "dsymsdk",
      "name": "d sym sdk",
      "app_label": "sentry"
    }
  },
  {
    "pk": 22,
    "model": "contenttypes.contenttype",
    "fields": {
      "model": "dsymobject",
      "name": "d sym object",
      "app_label": "sentry"
    }
  },
  {
    "pk": 23,
    "model": "contenttypes.contenttype",
    "fields": {
      "model": "dsymbundle",
      "name": "d sym bundle",
      "app_label": "sentry"
    }
  },
  {
    "pk": 24,
    "model": "contenttypes.contenttype",
    "fields": {
      "model": "dsymsymbol",
      "name": "d sym symbol",
      "app_label": "sentry"
    }
  },
  {
    "pk": 25,
    "model": "contenttypes.contenttype",
    "fields": {
      "model": "projectdsymfile",
      "name": "project d sym file",
      "app_label": "sentry"
    }
  },
  {
    "pk": 26,
    "model": "contenttypes.contenttype",
    "fields": {
      "model": "globaldsymfile",
      "name": "global d sym file",
      "app_label": "sentry"
    }
  },
  {
    "pk": 27,
    "model": "contenttypes.contenttype",
    "fields": {
      "model": "environment",
      "name": "environment",
      "app_label": "sentry"
    }
  },
  {
    "pk": 28,
    "model": "contenttypes.contenttype",
    "fields": {
      "model": "event",
      "name": "message",
      "app_label": "sentry"
    }
  },
  {
    "pk": 29,
    "model": "contenttypes.contenttype",
    "fields": {
      "model": "eventmapping",
      "name": "event mapping",
      "app_label": "sentry"
    }
  },
  {
    "pk": 30,
    "model": "contenttypes.contenttype",
    "fields": {
      "model": "eventtag",
      "name": "event tag",
      "app_label": "sentry"
    }
  },
  {
    "pk": 31,
    "model": "contenttypes.contenttype",
    "fields": {
      "model": "eventuser",
      "name": "event user",
      "app_label": "sentry"
    }
  },
  {
    "pk": 32,
    "model": "contenttypes.contenttype",
    "fields": {
      "model": "group",
      "name": "grouped message",
      "app_label": "sentry"
    }
  },
  {
    "pk": 33,
    "model": "contenttypes.contenttype",
    "fields": {
      "model": "groupassignee",
      "name": "group assignee",
      "app_label": "sentry"
    }
  },
  {
    "pk": 34,
    "model": "contenttypes.contenttype",
    "fields": {
      "model": "groupbookmark",
      "name": "group bookmark",
      "app_label": "sentry"
    }
  },
  {
    "pk": 35,
    "model": "contenttypes.contenttype",
    "fields": {
      "model": "groupemailthread",
      "name": "group email thread",
      "app_label": "sentry"
    }
  },
  {
    "pk": 36,
    "model": "contenttypes.contenttype",
    "fields": {
      "model": "grouphash",
      "name": "group hash",
      "app_label": "sentry"
    }
  },
  {
    "pk": 37,
    "model": "contenttypes.contenttype",
    "fields": {
      "model": "groupmeta",
      "name": "group meta",
      "app_label": "sentry"
    }
  },
  {
    "pk": 38,
    "model": "contenttypes.contenttype",
    "fields": {
      "model": "groupredirect",
      "name": "group redirect",
      "app_label": "sentry"
    }
  },
  {
    "pk": 39,
    "model": "contenttypes.contenttype",
    "fields": {
      "model": "grouprelease",
      "name": "group release",
      "app_label": "sentry"
    }
  },
  {
    "pk": 40,
    "model": "contenttypes.contenttype",
    "fields": {
      "model": "groupresolution",
      "name": "group resolution",
      "app_label": "sentry"
    }
  },
  {
    "pk": 41,
    "model": "contenttypes.contenttype",
    "fields": {
      "model": "grouprulestatus",
      "name": "group rule status",
      "app_label": "sentry"
    }
  },
  {
    "pk": 42,
    "model": "contenttypes.contenttype",
    "fields": {
      "model": "groupseen",
      "name": "group seen",
      "app_label": "sentry"
    }
  },
  {
    "pk": 43,
    "model": "contenttypes.contenttype",
    "fields": {
      "model": "groupsnooze",
      "name": "group snooze",
      "app_label": "sentry"
    }
  },
  {
    "pk": 44,
    "model": "contenttypes.contenttype",
    "fields": {
      "model": "groupsubscription",
      "name": "group subscription",
      "app_label": "sentry"
    }
  },
  {
    "pk": 45,
    "model": "contenttypes.contenttype",
    "fields": {
      "model": "grouptagkey",
      "name": "group tag key",
      "app_label": "sentry"
    }
  },
  {
    "pk": 46,
    "model": "contenttypes.contenttype",
    "fields": {
      "model": "grouptagvalue",
      "name": "group tag value",
      "app_label": "sentry"
    }
  },
  {
    "pk": 47,
    "model": "contenttypes.contenttype",
    "fields": {
      "model": "lostpasswordhash",
      "name": "lost password hash",
      "app_label": "sentry"
    }
  },
  {
    "pk": 48,
    "model": "contenttypes.contenttype",
    "fields": {
      "model": "option",
      "name": "option",
      "app_label": "sentry"
    }
  },
  {
    "pk": 49,
    "model": "contenttypes.contenttype",
    "fields": {
      "model": "organization",
      "name": "organization",
      "app_label": "sentry"
    }
  },
  {
    "pk": 50,
    "model": "contenttypes.contenttype",
    "fields": {
      "model": "organizationaccessrequest",
      "name": "organization access request",
      "app_label": "sentry"
    }
  },
  {
    "pk": 51,
    "model": "contenttypes.contenttype",
    "fields": {
      "model": "organizationmemberteam",
      "name": "organization member team",
      "app_label": "sentry"
    }
  },
  {
    "pk": 52,
    "model": "contenttypes.contenttype",
    "fields": {
      "model": "organizationmember",
      "name": "organization member",
      "app_label": "sentry"
    }
  },
  {
    "pk": 53,
    "model": "contenttypes.contenttype",
    "fields": {
      "model": "organizationonboardingtask",
      "name": "organization onboarding task",
      "app_label": "sentry"
    }
  },
  {
    "pk": 54,
    "model": "contenttypes.contenttype",
    "fields": {
      "model": "organizationoption",
      "name": "organization option",
      "app_label": "sentry"
    }
  },
  {
    "pk": 55,
    "model": "contenttypes.contenttype",
    "fields": {
      "model": "project",
      "name": "project",
      "app_label": "sentry"
    }
  },
  {
    "pk": 56,
    "model": "contenttypes.contenttype",
    "fields": {
      "model": "projectbookmark",
      "name": "project bookmark",
      "app_label": "sentry"
    }
  },
  {
    "pk": 57,
    "model": "contenttypes.contenttype",
    "fields": {
      "model": "projectkey",
      "name": "project key",
      "app_label": "sentry"
    }
  },
  {
    "pk": 58,
    "model": "contenttypes.contenttype",
    "fields": {
      "model": "projectoption",
      "name": "project option",
      "app_label": "sentry"
    }
  },
  {
    "pk": 59,
    "model": "contenttypes.contenttype",
    "fields": {
      "model": "projectplatform",
      "name": "project platform",
      "app_label": "sentry"
    }
  },
  {
    "pk": 60,
    "model": "contenttypes.contenttype",
    "fields": {
      "model": "release",
      "name": "release",
      "app_label": "sentry"
    }
  },
  {
    "pk": 61,
    "model": "contenttypes.contenttype",
    "fields": {
      "model": "releaseenvironment",
      "name": "release environment",
      "app_label": "sentry"
    }
  },
  {
    "pk": 62,
    "model": "contenttypes.contenttype",
    "fields": {
      "model": "releasefile",
      "name": "release file",
      "app_label": "sentry"
    }
  },
  {
    "pk": 63,
    "model": "contenttypes.contenttype",
    "fields": {
      "model": "rule",
      "name": "rule",
      "app_label": "sentry"
    }
  },
  {
    "pk": 64,
    "model": "contenttypes.contenttype",
    "fields": {
      "model": "savedsearch",
      "name": "saved search",
      "app_label": "sentry"
    }
  },
  {
    "pk": 65,
    "model": "contenttypes.contenttype",
    "fields": {
      "model": "savedsearchuserdefault",
      "name": "saved search user default",
      "app_label": "sentry"
    }
  },
  {
    "pk": 66,
    "model": "contenttypes.contenttype",
    "fields": {
      "model": "tagkey",
      "name": "tag key",
      "app_label": "sentry"
    }
  },
  {
    "pk": 67,
    "model": "contenttypes.contenttype",
    "fields": {
      "model": "tagvalue",
      "name": "tag value",
      "app_label": "sentry"
    }
  },
  {
    "pk": 68,
    "model": "contenttypes.contenttype",
    "fields": {
      "model": "team",
      "name": "team",
      "app_label": "sentry"
    }
  },
  {
    "pk": 69,
    "model": "contenttypes.contenttype",
    "fields": {
      "model": "user",
      "name": "user",
      "app_label": "sentry"
    }
  },
  {
    "pk": 70,
    "model": "contenttypes.contenttype",
    "fields": {
      "model": "useravatar",
      "name": "user avatar",
      "app_label": "sentry"
    }
  },
  {
    "pk": 71,
    "model": "contenttypes.contenttype",
    "fields": {
      "model": "useremail",
      "name": "user email",
      "app_label": "sentry"
    }
  },
  {
    "pk": 72,
    "model": "contenttypes.contenttype",
    "fields": {
      "model": "useroption",
      "name": "user option",
      "app_label": "sentry"
    }
  },
  {
    "pk": 73,
    "model": "contenttypes.contenttype",
    "fields": {
      "model": "userreport",
      "name": "user report",
      "app_label": "sentry"
    }
  },
  {
    "pk": 74,
    "model": "contenttypes.contenttype",
    "fields": {
      "model": "node",
      "name": "node",
      "app_label": "nodestore"
    }
  },
  {
    "pk": 75,
    "model": "contenttypes.contenttype",
    "fields": {
      "model": "usersocialauth",
      "name": "user social auth",
      "app_label": "social_auth"
    }
  },
  {
    "pk": 1,
    "model": "sites.site",
    "fields": {
      "domain": "example.com",
      "name": "example.com"
    }
  },
  {
    "pk": 1,
    "model": "sentry.option",
    "fields": {
      "last_updated": "2016-09-20T10:54:16.076Z",
      "value": 1474368856.076745,
      "key": "sentry:last_worker_ping"
    }
  },
  {
    "pk": 2,
    "model": "sentry.option",
    "fields": {
      "last_updated": "2016-09-20T10:54:16.091Z",
      "value": "gAJYBQAAADguOC4wcQEu",
      "key": "sentry:last_worker_version"
    }
  },
  {
    "pk": 3,
    "model": "sentry.option",
    "fields": {
      "last_updated": "2016-09-20T10:50:37.129Z",
      "value": "gAJYDAAAAHRlc3RAdGVzdC5zZXEBLg==",
      "key": "system.admin-email"
    }
  },
  {
    "pk": 4,
    "model": "sentry.option",
    "fields": {
      "last_updated": "2016-09-20T10:50:37.136Z",
      "value": "gAJYGgAAAGh0dHA6Ly8xOTIuMTY4Ljk5LjEwMDo5MDAwcQEu",
      "key": "system.url-prefix"
    }
  },
  {
    "pk": 5,
    "model": "sentry.option",
    "fields": {
      "last_updated": "2016-09-20T10:50:37.139Z",
      "value": "gAJYBQAAADguOC4wcQEu",
      "key": "sentry:version-configured"
    }
  },
  {
    "pk": 1,
    "model": "sentry.user",
    "fields": {
      "username": "test@test.se",
      "name": "",
      "is_active": true,
      "is_superuser": true,
      "is_staff": true,
      "last_login": "2016-09-20T10:50:33.915Z",
      "last_password_change": "2016-09-20T10:48:59.073Z",
      "is_managed": false,
      "password": "pbkdf2_sha256$12000$iEVt6PhlyG4x$wdNhO9chJOe5y9id+XOAq9EvexQ0Qb5A71hGZAc7lWw=",
      "email": "test@test.se",
      "date_joined": "2016-09-20T10:48:59.041Z",
      "is_password_expired": false
    }
  },
  {
    "pk": 1,
    "model": "sentry.useremail",
    "fields": {
      "date_hash_added": "2016-09-20T10:48:59.076Z",
      "validation_hash": "",
      "is_verified": false,
      "user": [
        "test@test.se"
      ],
      "email": "test@test.se"
    }
  },
  {
    "pk": 1,
    "model": "south.migrationhistory",
    "fields": {
      "applied": "2016-09-20T10:48:22.392Z",
      "app_name": "sentry",
      "migration": "0001_initial"
    }
  },
  {
    "pk": 2,
    "model": "south.migrationhistory",
    "fields": {
      "applied": "2016-09-20T10:48:22.432Z",
      "app_name": "sentry",
      "migration": "0002_auto__del_field_groupedmessage_url__chg_field_groupedmessage_view__chg"
    }
  },
  {
    "pk": 3,
    "model": "south.migrationhistory",
    "fields": {
      "applied": "2016-09-20T10:48:22.449Z",
      "app_name": "sentry",
      "migration": "0003_auto__add_field_message_group__del_field_groupedmessage_server_name"
    }
  },
  {
    "pk": 4,
    "model": "south.migrationhistory",
    "fields": {
      "applied": "2016-09-20T10:48:22.461Z",
      "app_name": "sentry",
      "migration": "0004_auto__add_filtervalue__add_unique_filtervalue_key_value"
    }
  },
  {
    "pk": 5,
    "model": "south.migrationhistory",
    "fields": {
      "applied": "2016-09-20T10:48:22.473Z",
      "app_name": "sentry",
      "migration": "0005_auto"
    }
  },
  {
    "pk": 6,
    "model": "south.migrationhistory",
    "fields": {
      "applied": "2016-09-20T10:48:22.481Z",
      "app_name": "sentry",
      "migration": "0006_auto"
    }
  },
  {
    "pk": 7,
    "model": "south.migrationhistory",
    "fields": {
      "applied": "2016-09-20T10:48:22.495Z",
      "app_name": "sentry",
      "migration": "0007_auto__add_field_message_site"
    }
  },
  {
    "pk": 8,
    "model": "south.migrationhistory",
    "fields": {
      "applied": "2016-09-20T10:48:22.556Z",
      "app_name": "sentry",
      "migration": "0008_auto__chg_field_message_view__add_field_groupedmessage_data__chg_field"
    }
  },
  {
    "pk": 9,
    "model": "south.migrationhistory",
    "fields": {
      "applied": "2016-09-20T10:48:22.575Z",
      "app_name": "sentry",
      "migration": "0009_auto__add_field_message_message_id"
    }
  },
  {
    "pk": 10,
    "model": "south.migrationhistory",
    "fields": {
      "applied": "2016-09-20T10:48:22.595Z",
      "app_name": "sentry",
      "migration": "0010_auto__add_messageindex__add_unique_messageindex_column_value_object_id"
    }
  },
  {
    "pk": 11,
    "model": "south.migrationhistory",
    "fields": {
      "applied": "2016-09-20T10:48:22.628Z",
      "app_name": "sentry",
      "migration": "0011_auto__add_field_groupedmessage_score"
    }
  },
  {
    "pk": 12,
    "model": "south.migrationhistory",
    "fields": {
      "applied": "2016-09-20T10:48:22.640Z",
      "app_name": "sentry",
      "migration": "0012_auto"
    }
  },
  {
    "pk": 13,
    "model": "south.migrationhistory",
    "fields": {
      "applied": "2016-09-20T10:48:22.673Z",
      "app_name": "sentry",
      "migration": "0013_auto__add_messagecountbyminute__add_unique_messagecountbyminute_group_"
    }
  },
  {
    "pk": 14,
    "model": "south.migrationhistory",
    "fields": {
      "applied": "2016-09-20T10:48:22.687Z",
      "app_name": "sentry",
      "migration": "0014_auto"
    }
  },
  {
    "pk": 15,
    "model": "south.migrationhistory",
    "fields": {
      "applied": "2016-09-20T10:48:22.716Z",
      "app_name": "sentry",
      "migration": "0014_auto__add_project__add_projectmember__add_unique_projectmember_project"
    }
  },
  {
    "pk": 16,
    "model": "south.migrationhistory",
    "fields": {
      "applied": "2016-09-20T10:48:22.793Z",
      "app_name": "sentry",
      "migration": "0015_auto__add_field_message_project__add_field_messagecountbyminute_projec"
    }
  },
  {
    "pk": 17,
    "model": "south.migrationhistory",
    "fields": {
      "applied": "2016-09-20T10:48:22.814Z",
      "app_name": "sentry",
      "migration": "0016_auto__add_field_projectmember_is_superuser"
    }
  },
  {
    "pk": 18,
    "model": "south.migrationhistory",
    "fields": {
      "applied": "2016-09-20T10:48:22.840Z",
      "app_name": "sentry",
      "migration": "0017_auto__add_field_projectmember_api_key"
    }
  },
  {
    "pk": 19,
    "model": "south.migrationhistory",
    "fields": {
      "applied": "2016-09-20T10:48:22.878Z",
      "app_name": "sentry",
      "migration": "0018_auto__chg_field_project_owner"
    }
  },
  {
    "pk": 20,
    "model": "south.migrationhistory",
    "fields": {
      "applied": "2016-09-20T10:48:22.909Z",
      "app_name": "sentry",
      "migration": "0019_auto__del_field_projectmember_api_key__add_field_projectmember_public_"
    }
  },
  {
    "pk": 21,
    "model": "south.migrationhistory",
    "fields": {
      "applied": "2016-09-20T10:48:22.933Z",
      "app_name": "sentry",
      "migration": "0020_auto__add_projectdomain__add_unique_projectdomain_project_domain"
    }
  },
  {
    "pk": 22,
    "model": "south.migrationhistory",
    "fields": {
      "applied": "2016-09-20T10:48:22.956Z",
      "app_name": "sentry",
      "migration": "0021_auto__del_message__del_groupedmessage__del_unique_groupedmessage_proje"
    }
  },
  {
    "pk": 23,
    "model": "south.migrationhistory",
    "fields": {
      "applied": "2016-09-20T10:48:22.975Z",
      "app_name": "sentry",
      "migration": "0022_auto__del_field_group_class_name__del_field_group_traceback__del_field"
    }
  },
  {
    "pk": 24,
    "model": "south.migrationhistory",
    "fields": {
      "applied": "2016-09-20T10:48:22.998Z",
      "app_name": "sentry",
      "migration": "0023_auto__add_field_event_time_spent"
    }
  },
  {
    "pk": 25,
    "model": "south.migrationhistory",
    "fields": {
      "applied": "2016-09-20T10:48:23.060Z",
      "app_name": "sentry",
      "migration": "0024_auto__add_field_group_time_spent_total__add_field_group_time_spent_cou"
    }
  },
  {
    "pk": 26,
    "model": "south.migrationhistory",
    "fields": {
      "applied": "2016-09-20T10:48:23.089Z",
      "app_name": "sentry",
      "migration": "0025_auto__add_field_messagecountbyminute_time_spent_total__add_field_messa"
    }
  },
  {
    "pk": 27,
    "model": "south.migrationhistory",
    "fields": {
      "applied": "2016-09-20T10:48:23.112Z",
      "app_name": "sentry",
      "migration": "0026_auto__add_field_project_status"
    }
  },
  {
    "pk": 28,
    "model": "south.migrationhistory",
    "fields": {
      "applied": "2016-09-20T10:48:23.145Z",
      "app_name": "sentry",
      "migration": "0027_auto__chg_field_event_server_name"
    }
  },
  {
    "pk": 29,
    "model": "south.migrationhistory",
    "fields": {
      "applied": "2016-09-20T10:48:23.170Z",
      "app_name": "sentry",
      "migration": "0028_auto__add_projectoptions__add_unique_projectoptions_project_key_value"
    }
  },
  {
    "pk": 30,
    "model": "south.migrationhistory",
    "fields": {
      "applied": "2016-09-20T10:48:23.209Z",
      "app_name": "sentry",
      "migration": "0029_auto__del_field_projectmember_is_superuser__del_field_projectmember_pe"
    }
  },
  {
    "pk": 31,
    "model": "south.migrationhistory",
    "fields": {
      "applied": "2016-09-20T10:48:23.250Z",
      "app_name": "sentry",
      "migration": "0030_auto__add_view__chg_field_event_group"
    }
  },
  {
    "pk": 32,
    "model": "south.migrationhistory",
    "fields": {
      "applied": "2016-09-20T10:48:23.285Z",
      "app_name": "sentry",
      "migration": "0031_auto__add_field_view_verbose_name__add_field_view_verbose_name_plural_"
    }
  },
  {
    "pk": 33,
    "model": "south.migrationhistory",
    "fields": {
      "applied": "2016-09-20T10:48:23.326Z",
      "app_name": "sentry",
      "migration": "0032_auto__add_eventmeta"
    }
  },
  {
    "pk": 34,
    "model": "south.migrationhistory",
    "fields": {
      "applied": "2016-09-20T10:48:23.366Z",
      "app_name": "sentry",
      "migration": "0033_auto__add_option__add_unique_option_key_value"
    }
  },
  {
    "pk": 35,
    "model": "south.migrationhistory",
    "fields": {
      "applied": "2016-09-20T10:48:23.412Z",
      "app_name": "sentry",
      "migration": "0034_auto__add_groupbookmark__add_unique_groupbookmark_project_user_group"
    }
  },
  {
    "pk": 36,
    "model": "south.migrationhistory",
    "fields": {
      "applied": "2016-09-20T10:48:23.471Z",
      "app_name": "sentry",
      "migration": "0034_auto__add_unique_option_key__del_unique_option_value_key__del_unique_g"
    }
  },
  {
    "pk": 37,
    "model": "south.migrationhistory",
    "fields": {
      "applied": "2016-09-20T10:48:23.545Z",
      "app_name": "sentry",
      "migration": "0036_auto__chg_field_option_value__chg_field_projectoption_value"
    }
  },
  {
    "pk": 38,
    "model": "south.migrationhistory",
    "fields": {
      "applied": "2016-09-20T10:48:23.600Z",
      "app_name": "sentry",
      "migration": "0037_auto__add_unique_option_key__del_unique_option_value_key__del_unique_g"
    }
  },
  {
    "pk": 39,
    "model": "south.migrationhistory",
    "fields": {
      "applied": "2016-09-20T10:48:23.665Z",
      "app_name": "sentry",
      "migration": "0038_auto__add_searchtoken__add_unique_searchtoken_document_field_token__ad"
    }
  },
  {
    "pk": 40,
    "model": "south.migrationhistory",
    "fields": {
      "applied": "2016-09-20T10:48:23.712Z",
      "app_name": "sentry",
      "migration": "0039_auto__add_field_searchdocument_status"
    }
  },
  {
    "pk": 41,
    "model": "south.migrationhistory",
    "fields": {
      "applied": "2016-09-20T10:48:23.765Z",
      "app_name": "sentry",
      "migration": "0040_auto__del_unique_event_event_id__add_unique_event_project_event_id"
    }
  },
  {
    "pk": 42,
    "model": "south.migrationhistory",
    "fields": {
      "applied": "2016-09-20T10:48:23.817Z",
      "app_name": "sentry",
      "migration": "0041_auto__add_field_messagefiltervalue_last_seen__add_field_messagefilterv"
    }
  },
  {
    "pk": 43,
    "model": "south.migrationhistory",
    "fields": {
      "applied": "2016-09-20T10:48:23.859Z",
      "app_name": "sentry",
      "migration": "0042_auto__add_projectcountbyminute__add_unique_projectcountbyminute_projec"
    }
  },
  {
    "pk": 44,
    "model": "south.migrationhistory",
    "fields": {
      "applied": "2016-09-20T10:48:23.924Z",
      "app_name": "sentry",
      "migration": "0043_auto__chg_field_option_value__chg_field_projectoption_value"
    }
  },
  {
    "pk": 45,
    "model": "south.migrationhistory",
    "fields": {
      "applied": "2016-09-20T10:48:23.976Z",
      "app_name": "sentry",
      "migration": "0044_auto__add_field_projectmember_is_active"
    }
  },
  {
    "pk": 46,
    "model": "south.migrationhistory",
    "fields": {
      "applied": "2016-09-20T10:48:24.031Z",
      "app_name": "sentry",
      "migration": "0045_auto__add_pendingprojectmember__add_unique_pendingprojectmember_projec"
    }
  },
  {
    "pk": 47,
    "model": "south.migrationhistory",
    "fields": {
      "applied": "2016-09-20T10:48:24.116Z",
      "app_name": "sentry",
      "migration": "0046_auto__add_teammember__add_unique_teammember_team_user__add_team__add_p"
    }
  },
  {
    "pk": 48,
    "model": "south.migrationhistory",
    "fields": {
      "applied": "2016-09-20T10:48:24.153Z",
      "app_name": "sentry",
      "migration": "0047_migrate_project_slugs"
    }
  },
  {
    "pk": 49,
    "model": "south.migrationhistory",
    "fields": {
      "applied": "2016-09-20T10:48:24.196Z",
      "app_name": "sentry",
      "migration": "0048_migrate_project_keys"
    }
  },
  {
    "pk": 50,
    "model": "south.migrationhistory",
    "fields": {
      "applied": "2016-09-20T10:48:24.233Z",
      "app_name": "sentry",
      "migration": "0049_create_default_project_keys"
    }
  },
  {
    "pk": 51,
    "model": "south.migrationhistory",
    "fields": {
      "applied": "2016-09-20T10:48:24.280Z",
      "app_name": "sentry",
      "migration": "0050_remove_project_keys_from_members"
    }
  },
  {
    "pk": 52,
    "model": "south.migrationhistory",
    "fields": {
      "applied": "2016-09-20T10:48:24.466Z",
      "app_name": "sentry",
      "migration": "0051_auto__del_pendingprojectmember__del_unique_pendingprojectmember_projec"
    }
  },
  {
    "pk": 53,
    "model": "south.migrationhistory",
    "fields": {
      "applied": "2016-09-20T10:48:24.504Z",
      "app_name": "sentry",
      "migration": "0052_migrate_project_members"
    }
  },
  {
    "pk": 54,
    "model": "south.migrationhistory",
    "fields": {
      "applied": "2016-09-20T10:48:24.561Z",
      "app_name": "sentry",
      "migration": "0053_auto__del_projectmember__del_unique_projectmember_project_user"
    }
  },
  {
    "pk": 55,
    "model": "south.migrationhistory",
    "fields": {
      "applied": "2016-09-20T10:48:24.603Z",
      "app_name": "sentry",
      "migration": "0054_fix_project_keys"
    }
  },
  {
    "pk": 56,
    "model": "south.migrationhistory",
    "fields": {
      "applied": "2016-09-20T10:48:24.652Z",
      "app_name": "sentry",
      "migration": "0055_auto__del_projectdomain__del_unique_projectdomain_project_domain"
    }
  },
  {
    "pk": 57,
    "model": "south.migrationhistory",
    "fields": {
      "applied": "2016-09-20T10:48:24.700Z",
      "app_name": "sentry",
      "migration": "0056_auto__add_field_group_resolved_at"
    }
  },
  {
    "pk": 58,
    "model": "south.migrationhistory",
    "fields": {
      "applied": "2016-09-20T10:48:24.746Z",
      "app_name": "sentry",
      "migration": "0057_auto__add_field_group_active_at"
    }
  },
  {
    "pk": 59,
    "model": "south.migrationhistory",
    "fields": {
      "applied": "2016-09-20T10:48:24.801Z",
      "app_name": "sentry",
      "migration": "0058_auto__add_useroption__add_unique_useroption_user_project_key"
    }
  },
  {
    "pk": 60,
    "model": "south.migrationhistory",
    "fields": {
      "applied": "2016-09-20T10:48:24.861Z",
      "app_name": "sentry",
      "migration": "0059_auto__add_filterkey__add_unique_filterkey_project_key"
    }
  },
  {
    "pk": 61,
    "model": "south.migrationhistory",
    "fields": {
      "applied": "2016-09-20T10:48:24.900Z",
      "app_name": "sentry",
      "migration": "0060_fill_filter_key"
    }
  },
  {
    "pk": 62,
    "model": "south.migrationhistory",
    "fields": {
      "applied": "2016-09-20T10:48:24.963Z",
      "app_name": "sentry",
      "migration": "0061_auto__add_field_group_group_id__add_field_group_is_public"
    }
  },
  {
    "pk": 63,
    "model": "south.migrationhistory",
    "fields": {
      "applied": "2016-09-20T10:48:24.998Z",
      "app_name": "sentry",
      "migration": "0062_correct_del_index_sentry_groupedmessage_logger__view__checksum"
    }
  },
  {
    "pk": 64,
    "model": "south.migrationhistory",
    "fields": {
      "applied": "2016-09-20T10:48:25.046Z",
      "app_name": "sentry",
      "migration": "0063_auto"
    }
  },
  {
    "pk": 65,
    "model": "south.migrationhistory",
    "fields": {
      "applied": "2016-09-20T10:48:25.093Z",
      "app_name": "sentry",
      "migration": "0064_index_checksum"
    }
  },
  {
    "pk": 66,
    "model": "south.migrationhistory",
    "fields": {
      "applied": "2016-09-20T10:48:25.134Z",
      "app_name": "sentry",
      "migration": "0065_create_default_project_key"
    }
  },
  {
    "pk": 67,
    "model": "south.migrationhistory",
    "fields": {
      "applied": "2016-09-20T10:48:25.178Z",
      "app_name": "sentry",
      "migration": "0066_auto__del_view"
    }
  },
  {
    "pk": 68,
    "model": "south.migrationhistory",
    "fields": {
      "applied": "2016-09-20T10:48:25.225Z",
      "app_name": "sentry",
      "migration": "0067_auto__add_field_group_platform__add_field_event_platform"
    }
  },
  {
    "pk": 69,
    "model": "south.migrationhistory",
    "fields": {
      "applied": "2016-09-20T10:48:25.278Z",
      "app_name": "sentry",
      "migration": "0068_auto__add_field_projectkey_user_added__add_field_projectkey_date_added"
    }
  },
  {
    "pk": 70,
    "model": "south.migrationhistory",
    "fields": {
      "applied": "2016-09-20T10:48:25.327Z",
      "app_name": "sentry",
      "migration": "0069_auto__add_lostpasswordhash"
    }
  },
  {
    "pk": 71,
    "model": "south.migrationhistory",
    "fields": {
      "applied": "2016-09-20T10:48:25.392Z",
      "app_name": "sentry",
      "migration": "0070_projectoption_key_length"
    }
  },
  {
    "pk": 72,
    "model": "south.migrationhistory",
    "fields": {
      "applied": "2016-09-20T10:48:25.473Z",
      "app_name": "sentry",
      "migration": "0071_auto__add_field_group_users_seen"
    }
  },
  {
    "pk": 73,
    "model": "south.migrationhistory",
    "fields": {
      "applied": "2016-09-20T10:48:25.530Z",
      "app_name": "sentry",
      "migration": "0072_auto__add_affecteduserbygroup__add_unique_affecteduserbygroup_project_"
    }
  },
  {
    "pk": 74,
    "model": "south.migrationhistory",
    "fields": {
      "applied": "2016-09-20T10:48:25.582Z",
      "app_name": "sentry",
      "migration": "0073_auto__add_field_project_platform"
    }
  },
  {
    "pk": 75,
    "model": "south.migrationhistory",
    "fields": {
      "applied": "2016-09-20T10:48:25.675Z",
      "app_name": "sentry",
      "migration": "0074_correct_filtervalue_index"
    }
  },
  {
    "pk": 76,
    "model": "south.migrationhistory",
    "fields": {
      "applied": "2016-09-20T10:48:25.732Z",
      "app_name": "sentry",
      "migration": "0075_add_groupbookmark_index"
    }
  },
  {
    "pk": 77,
    "model": "south.migrationhistory",
    "fields": {
      "applied": "2016-09-20T10:48:25.795Z",
      "app_name": "sentry",
      "migration": "0076_add_groupmeta_index"
    }
  },
  {
    "pk": 78,
    "model": "south.migrationhistory",
    "fields": {
      "applied": "2016-09-20T10:48:25.856Z",
      "app_name": "sentry",
      "migration": "0077_auto__add_trackeduser__add_unique_trackeduser_project_ident"
    }
  },
  {
    "pk": 79,
    "model": "south.migrationhistory",
    "fields": {
      "applied": "2016-09-20T10:48:25.910Z",
      "app_name": "sentry",
      "migration": "0078_auto__add_field_affecteduserbygroup_tuser"
    }
  },
  {
    "pk": 80,
    "model": "south.migrationhistory",
    "fields": {
      "applied": "2016-09-20T10:48:26.144Z",
      "app_name": "sentry",
      "migration": "0079_auto__del_unique_affecteduserbygroup_project_ident_group__add_unique_a"
    }
  },
  {
    "pk": 81,
    "model": "south.migrationhistory",
    "fields": {
      "applied": "2016-09-20T10:48:26.205Z",
      "app_name": "sentry",
      "migration": "0080_auto__chg_field_affecteduserbygroup_ident"
    }
  },
  {
    "pk": 82,
    "model": "south.migrationhistory",
    "fields": {
      "applied": "2016-09-20T10:48:26.252Z",
      "app_name": "sentry",
      "migration": "0081_fill_trackeduser"
    }
  },
  {
    "pk": 83,
    "model": "south.migrationhistory",
    "fields": {
      "applied": "2016-09-20T10:48:26.358Z",
      "app_name": "sentry",
      "migration": "0082_auto__add_activity__add_field_group_num_comments__add_field_event_num_"
    }
  },
  {
    "pk": 84,
    "model": "south.migrationhistory",
    "fields": {
      "applied": "2016-09-20T10:48:26.412Z",
      "app_name": "sentry",
      "migration": "0083_migrate_dupe_groups"
    }
  },
  {
    "pk": 85,
    "model": "south.migrationhistory",
    "fields": {
      "applied": "2016-09-20T10:48:26.469Z",
      "app_name": "sentry",
      "migration": "0084_auto__del_unique_group_project_checksum_logger_culprit__add_unique_gro"
    }
  },
  {
    "pk": 86,
    "model": "south.migrationhistory",
    "fields": {
      "applied": "2016-09-20T10:48:26.553Z",
      "app_name": "sentry",
      "migration": "0085_auto__del_unique_project_slug__add_unique_project_slug_team"
    }
  },
  {
    "pk": 87,
    "model": "south.migrationhistory",
    "fields": {
      "applied": "2016-09-20T10:48:26.621Z",
      "app_name": "sentry",
      "migration": "0086_auto__add_field_team_date_added"
    }
  },
  {
    "pk": 88,
    "model": "south.migrationhistory",
    "fields": {
      "applied": "2016-09-20T10:48:26.681Z",
      "app_name": "sentry",
      "migration": "0087_auto__del_messagefiltervalue__del_unique_messagefiltervalue_project_ke"
    }
  },
  {
    "pk": 89,
    "model": "south.migrationhistory",
    "fields": {
      "applied": "2016-09-20T10:48:26.766Z",
      "app_name": "sentry",
      "migration": "0088_auto__del_messagecountbyminute__del_unique_messagecountbyminute_projec"
    }
  },
  {
    "pk": 90,
    "model": "south.migrationhistory",
    "fields": {
      "applied": "2016-09-20T10:48:26.861Z",
      "app_name": "sentry",
      "migration": "0089_auto__add_accessgroup__add_unique_accessgroup_team_name"
    }
  },
  {
    "pk": 91,
    "model": "south.migrationhistory",
    "fields": {
      "applied": "2016-09-20T10:48:26.992Z",
      "app_name": "sentry",
      "migration": "0090_auto__add_grouptagkey__add_unique_grouptagkey_project_group_key__add_f"
    }
  },
  {
    "pk": 92,
    "model": "south.migrationhistory",
    "fields": {
      "applied": "2016-09-20T10:48:27.071Z",
      "app_name": "sentry",
      "migration": "0091_auto__add_alert"
    }
  },
  {
    "pk": 93,
    "model": "south.migrationhistory",
    "fields": {
      "applied": "2016-09-20T10:48:27.165Z",
      "app_name": "sentry",
      "migration": "0092_auto__add_alertrelatedgroup__add_unique_alertrelatedgroup_group_alert"
    }
  },
  {
    "pk": 94,
    "model": "south.migrationhistory",
    "fields": {
      "applied": "2016-09-20T10:48:27.239Z",
      "app_name": "sentry",
      "migration": "0093_auto__add_field_alert_status"
    }
  },
  {
    "pk": 95,
    "model": "south.migrationhistory",
    "fields": {
      "applied": "2016-09-20T10:48:27.318Z",
      "app_name": "sentry",
      "migration": "0094_auto__add_eventmapping__add_unique_eventmapping_project_event_id"
    }
  },
  {
    "pk": 96,
    "model": "south.migrationhistory",
    "fields": {
      "applied": "2016-09-20T10:48:27.389Z",
      "app_name": "sentry",
      "migration": "0095_rebase"
    }
  },
  {
    "pk": 97,
    "model": "south.migrationhistory",
    "fields": {
      "applied": "2016-09-20T10:48:27.458Z",
      "app_name": "sentry",
      "migration": "0096_auto__add_field_tagvalue_data"
    }
  },
  {
    "pk": 98,
    "model": "south.migrationhistory",
    "fields": {
      "applied": "2016-09-20T10:48:27.540Z",
      "app_name": "sentry",
      "migration": "0097_auto__del_affecteduserbygroup__del_unique_affecteduserbygroup_project_"
    }
  },
  {
    "pk": 99,
    "model": "south.migrationhistory",
    "fields": {
      "applied": "2016-09-20T10:48:27.609Z",
      "app_name": "sentry",
      "migration": "0098_auto__add_user__chg_field_team_owner__chg_field_activity_user__chg_fie"
    }
  },
  {
    "pk": 100,
    "model": "south.migrationhistory",
    "fields": {
      "applied": "2016-09-20T10:48:27.677Z",
      "app_name": "sentry",
      "migration": "0099_auto__del_field_teammember_is_active"
    }
  },
  {
    "pk": 101,
    "model": "south.migrationhistory",
    "fields": {
      "applied": "2016-09-20T10:48:27.737Z",
      "app_name": "sentry",
      "migration": "0100_auto__add_field_tagkey_label"
    }
  },
  {
    "pk": 102,
    "model": "south.migrationhistory",
    "fields": {
      "applied": "2016-09-20T10:48:27.794Z",
      "app_name": "sentry",
      "migration": "0101_ensure_teams"
    }
  },
  {
    "pk": 103,
    "model": "south.migrationhistory",
    "fields": {
      "applied": "2016-09-20T10:48:27.862Z",
      "app_name": "sentry",
      "migration": "0102_ensure_slugs"
    }
  },
  {
    "pk": 104,
    "model": "south.migrationhistory",
    "fields": {
      "applied": "2016-09-20T10:48:28.139Z",
      "app_name": "sentry",
      "migration": "0103_ensure_non_empty_slugs"
    }
  },
  {
    "pk": 105,
    "model": "south.migrationhistory",
    "fields": {
      "applied": "2016-09-20T10:48:28.217Z",
      "app_name": "sentry",
      "migration": "0104_auto__add_groupseen__add_unique_groupseen_group_user"
    }
  },
  {
    "pk": 106,
    "model": "south.migrationhistory",
    "fields": {
      "applied": "2016-09-20T10:48:28.383Z",
      "app_name": "sentry",
      "migration": "0105_auto__chg_field_projectcountbyminute_time_spent_total__chg_field_group"
    }
  },
  {
    "pk": 107,
    "model": "south.migrationhistory",
    "fields": {
      "applied": "2016-09-20T10:48:28.441Z",
      "app_name": "sentry",
      "migration": "0106_auto__del_searchtoken__del_unique_searchtoken_document_field_token__de"
    }
  },
  {
    "pk": 108,
    "model": "south.migrationhistory",
    "fields": {
      "applied": "2016-09-20T10:48:28.523Z",
      "app_name": "sentry",
      "migration": "0107_expand_user"
    }
  },
  {
    "pk": 109,
    "model": "south.migrationhistory",
    "fields": {
      "applied": "2016-09-20T10:48:28.590Z",
      "app_name": "sentry",
      "migration": "0108_fix_user"
    }
  },
  {
    "pk": 110,
    "model": "south.migrationhistory",
    "fields": {
      "applied": "2016-09-20T10:48:28.654Z",
      "app_name": "sentry",
      "migration": "0109_index_filtervalue_times_seen"
    }
  },
  {
    "pk": 111,
    "model": "south.migrationhistory",
    "fields": {
      "applied": "2016-09-20T10:48:28.716Z",
      "app_name": "sentry",
      "migration": "0110_index_filtervalue_last_seen"
    }
  },
  {
    "pk": 112,
    "model": "south.migrationhistory",
    "fields": {
      "applied": "2016-09-20T10:48:28.767Z",
      "app_name": "sentry",
      "migration": "0111_index_filtervalue_first_seen"
    }
  },
  {
    "pk": 113,
    "model": "south.migrationhistory",
    "fields": {
      "applied": "2016-09-20T10:48:28.825Z",
      "app_name": "sentry",
      "migration": "0112_auto__chg_field_option_value__chg_field_useroption_value__chg_field_pr"
    }
  },
  {
    "pk": 114,
    "model": "south.migrationhistory",
    "fields": {
      "applied": "2016-09-20T10:48:28.881Z",
      "app_name": "sentry",
      "migration": "0113_auto__add_field_team_status"
    }
  },
  {
    "pk": 115,
    "model": "south.migrationhistory",
    "fields": {
      "applied": "2016-09-20T10:48:28.953Z",
      "app_name": "sentry",
      "migration": "0114_auto__add_field_projectkey_roles"
    }
  },
  {
    "pk": 116,
    "model": "south.migrationhistory",
    "fields": {
      "applied": "2016-09-20T10:48:29.003Z",
      "app_name": "sentry",
      "migration": "0115_auto__del_projectcountbyminute__del_unique_projectcountbyminute_projec"
    }
  },
  {
    "pk": 117,
    "model": "south.migrationhistory",
    "fields": {
      "applied": "2016-09-20T10:48:29.051Z",
      "app_name": "sentry",
      "migration": "0116_auto__del_field_event_server_name__del_field_event_culprit__del_field_"
    }
  },
  {
    "pk": 118,
    "model": "south.migrationhistory",
    "fields": {
      "applied": "2016-09-20T10:48:29.115Z",
      "app_name": "sentry",
      "migration": "0117_auto__add_rule"
    }
  },
  {
    "pk": 119,
    "model": "south.migrationhistory",
    "fields": {
      "applied": "2016-09-20T10:48:29.164Z",
      "app_name": "sentry",
      "migration": "0118_create_default_rules"
    }
  },
  {
    "pk": 120,
    "model": "south.migrationhistory",
    "fields": {
      "applied": "2016-09-20T10:48:29.226Z",
      "app_name": "sentry",
      "migration": "0119_auto__add_field_projectkey_label"
    }
  },
  {
    "pk": 121,
    "model": "south.migrationhistory",
    "fields": {
      "applied": "2016-09-20T10:48:29.299Z",
      "app_name": "sentry",
      "migration": "0120_auto__add_grouprulestatus"
    }
  },
  {
    "pk": 122,
    "model": "south.migrationhistory",
    "fields": {
      "applied": "2016-09-20T10:48:29.360Z",
      "app_name": "sentry",
      "migration": "0121_auto__add_unique_grouprulestatus_rule_group"
    }
  },
  {
    "pk": 123,
    "model": "south.migrationhistory",
    "fields": {
      "applied": "2016-09-20T10:48:29.422Z",
      "app_name": "sentry",
      "migration": "0122_add_event_group_id_datetime_index"
    }
  },
  {
    "pk": 124,
    "model": "south.migrationhistory",
    "fields": {
      "applied": "2016-09-20T10:48:29.495Z",
      "app_name": "sentry",
      "migration": "0123_auto__add_groupassignee__add_index_event_group_datetime"
    }
  },
  {
    "pk": 125,
    "model": "south.migrationhistory",
    "fields": {
      "applied": "2016-09-20T10:48:29.564Z",
      "app_name": "sentry",
      "migration": "0124_auto__add_grouphash__add_unique_grouphash_project_hash"
    }
  },
  {
    "pk": 126,
    "model": "south.migrationhistory",
    "fields": {
      "applied": "2016-09-20T10:48:29.636Z",
      "app_name": "sentry",
      "migration": "0125_auto__add_field_user_is_managed"
    }
  },
  {
    "pk": 127,
    "model": "south.migrationhistory",
    "fields": {
      "applied": "2016-09-20T10:48:29.703Z",
      "app_name": "sentry",
      "migration": "0126_auto__add_field_option_last_updated"
    }
  },
  {
    "pk": 128,
    "model": "south.migrationhistory",
    "fields": {
      "applied": "2016-09-20T10:48:29.773Z",
      "app_name": "sentry",
      "migration": "0127_auto__add_release__add_unique_release_project_version"
    }
  },
  {
    "pk": 129,
    "model": "south.migrationhistory",
    "fields": {
      "applied": "2016-09-20T10:48:29.841Z",
      "app_name": "sentry",
      "migration": "0128_auto__add_broadcast"
    }
  },
  {
    "pk": 130,
    "model": "south.migrationhistory",
    "fields": {
      "applied": "2016-09-20T10:48:29.912Z",
      "app_name": "sentry",
      "migration": "0129_auto__chg_field_release_id__chg_field_pendingteammember_id__chg_field_"
    }
  },
  {
    "pk": 131,
    "model": "south.migrationhistory",
    "fields": {
      "applied": "2016-09-20T10:48:29.976Z",
      "app_name": "sentry",
      "migration": "0130_auto__del_field_project_owner"
    }
  },
  {
    "pk": 132,
    "model": "south.migrationhistory",
    "fields": {
      "applied": "2016-09-20T10:48:30.066Z",
      "app_name": "sentry",
      "migration": "0131_auto__add_organizationmember__add_unique_organizationmember_organizati"
    }
  },
  {
    "pk": 133,
    "model": "south.migrationhistory",
    "fields": {
      "applied": "2016-09-20T10:48:30.410Z",
      "app_name": "sentry",
      "migration": "0132_add_default_orgs"
    }
  },
  {
    "pk": 134,
    "model": "south.migrationhistory",
    "fields": {
      "applied": "2016-09-20T10:48:30.473Z",
      "app_name": "sentry",
      "migration": "0133_add_org_members"
    }
  },
  {
    "pk": 135,
    "model": "south.migrationhistory",
    "fields": {
      "applied": "2016-09-20T10:48:30.551Z",
      "app_name": "sentry",
      "migration": "0134_auto__chg_field_team_organization"
    }
  },
  {
    "pk": 136,
    "model": "south.migrationhistory",
    "fields": {
      "applied": "2016-09-20T10:48:30.642Z",
      "app_name": "sentry",
      "migration": "0135_auto__chg_field_project_team"
    }
  },
  {
    "pk": 137,
    "model": "south.migrationhistory",
    "fields": {
      "applied": "2016-09-20T10:48:30.730Z",
      "app_name": "sentry",
      "migration": "0136_auto__add_field_organizationmember_email__chg_field_organizationmember"
    }
  },
  {
    "pk": 138,
    "model": "south.migrationhistory",
    "fields": {
      "applied": "2016-09-20T10:48:30.820Z",
      "app_name": "sentry",
      "migration": "0137_auto__add_field_organizationmember_has_global_access"
    }
  },
  {
    "pk": 139,
    "model": "south.migrationhistory",
    "fields": {
      "applied": "2016-09-20T10:48:30.893Z",
      "app_name": "sentry",
      "migration": "0138_migrate_team_members"
    }
  },
  {
    "pk": 140,
    "model": "south.migrationhistory",
    "fields": {
      "applied": "2016-09-20T10:48:30.981Z",
      "app_name": "sentry",
      "migration": "0139_auto__add_auditlogentry"
    }
  },
  {
    "pk": 141,
    "model": "south.migrationhistory",
    "fields": {
      "applied": "2016-09-20T10:48:31.061Z",
      "app_name": "sentry",
      "migration": "0140_auto__add_field_organization_slug"
    }
  },
  {
    "pk": 142,
    "model": "south.migrationhistory",
    "fields": {
      "applied": "2016-09-20T10:48:31.140Z",
      "app_name": "sentry",
      "migration": "0141_fill_org_slugs"
    }
  },
  {
    "pk": 143,
    "model": "south.migrationhistory",
    "fields": {
      "applied": "2016-09-20T10:48:31.222Z",
      "app_name": "sentry",
      "migration": "0142_auto__add_field_project_organization__add_unique_project_organization_"
    }
  },
  {
    "pk": 144,
    "model": "south.migrationhistory",
    "fields": {
      "applied": "2016-09-20T10:48:31.294Z",
      "app_name": "sentry",
      "migration": "0143_fill_project_orgs"
    }
  },
  {
    "pk": 145,
    "model": "south.migrationhistory",
    "fields": {
      "applied": "2016-09-20T10:48:31.390Z",
      "app_name": "sentry",
      "migration": "0144_auto__chg_field_project_organization"
    }
  },
  {
    "pk": 146,
    "model": "south.migrationhistory",
    "fields": {
      "applied": "2016-09-20T10:48:31.491Z",
      "app_name": "sentry",
      "migration": "0145_auto__chg_field_organization_slug"
    }
  },
  {
    "pk": 147,
    "model": "south.migrationhistory",
    "fields": {
      "applied": "2016-09-20T10:48:31.571Z",
      "app_name": "sentry",
      "migration": "0146_auto__add_field_auditlogentry_ip_address"
    }
  },
  {
    "pk": 148,
    "model": "south.migrationhistory",
    "fields": {
      "applied": "2016-09-20T10:48:31.667Z",
      "app_name": "sentry",
      "migration": "0147_auto__del_unique_team_slug__add_unique_team_organization_slug"
    }
  },
  {
    "pk": 149,
    "model": "south.migrationhistory",
    "fields": {
      "applied": "2016-09-20T10:48:31.757Z",
      "app_name": "sentry",
      "migration": "0148_auto__add_helppage"
    }
  },
  {
    "pk": 150,
    "model": "south.migrationhistory",
    "fields": {
      "applied": "2016-09-20T10:48:31.846Z",
      "app_name": "sentry",
      "migration": "0149_auto__chg_field_groupseen_project__chg_field_groupseen_user__chg_field"
    }
  },
  {
    "pk": 151,
    "model": "south.migrationhistory",
    "fields": {
      "applied": "2016-09-20T10:48:31.928Z",
      "app_name": "sentry",
      "migration": "0150_fix_broken_rules"
    }
  },
  {
    "pk": 152,
    "model": "south.migrationhistory",
    "fields": {
      "applied": "2016-09-20T10:48:32.010Z",
      "app_name": "sentry",
      "migration": "0151_auto__add_file"
    }
  },
  {
    "pk": 153,
    "model": "south.migrationhistory",
    "fields": {
      "applied": "2016-09-20T10:48:32.111Z",
      "app_name": "sentry",
      "migration": "0152_auto__add_field_file_checksum__chg_field_file_name__add_unique_file_na"
    }
  },
  {
    "pk": 154,
    "model": "south.migrationhistory",
    "fields": {
      "applied": "2016-09-20T10:48:32.193Z",
      "app_name": "sentry",
      "migration": "0153_auto__add_field_grouprulestatus_last_active"
    }
  },
  {
    "pk": 155,
    "model": "south.migrationhistory",
    "fields": {
      "applied": "2016-09-20T10:48:32.277Z",
      "app_name": "sentry",
      "migration": "0154_auto__add_field_tagkey_status"
    }
  },
  {
    "pk": 156,
    "model": "south.migrationhistory",
    "fields": {
      "applied": "2016-09-20T10:48:32.373Z",
      "app_name": "sentry",
      "migration": "0155_auto__add_field_projectkey_status"
    }
  },
  {
    "pk": 157,
    "model": "south.migrationhistory",
    "fields": {
      "applied": "2016-09-20T10:48:32.468Z",
      "app_name": "sentry",
      "migration": "0156_auto__add_apikey"
    }
  },
  {
    "pk": 158,
    "model": "south.migrationhistory",
    "fields": {
      "applied": "2016-09-20T10:48:32.579Z",
      "app_name": "sentry",
      "migration": "0157_auto__add_authidentity__add_unique_authidentity_auth_provider_ident__a"
    }
  },
  {
    "pk": 159,
    "model": "south.migrationhistory",
    "fields": {
      "applied": "2016-09-20T10:48:32.675Z",
      "app_name": "sentry",
      "migration": "0158_auto__add_unique_authidentity_auth_provider_user"
    }
  },
  {
    "pk": 160,
    "model": "south.migrationhistory",
    "fields": {
      "applied": "2016-09-20T10:48:32.783Z",
      "app_name": "sentry",
      "migration": "0159_auto__add_field_authidentity_last_verified__add_field_organizationmemb"
    }
  },
  {
    "pk": 161,
    "model": "south.migrationhistory",
    "fields": {
      "applied": "2016-09-20T10:48:32.900Z",
      "app_name": "sentry",
      "migration": "0160_auto__add_field_authprovider_default_global_access"
    }
  },
  {
    "pk": 162,
    "model": "south.migrationhistory",
    "fields": {
      "applied": "2016-09-20T10:48:33.345Z",
      "app_name": "sentry",
      "migration": "0161_auto__chg_field_authprovider_config"
    }
  },
  {
    "pk": 163,
    "model": "south.migrationhistory",
    "fields": {
      "applied": "2016-09-20T10:48:33.469Z",
      "app_name": "sentry",
      "migration": "0162_auto__chg_field_authidentity_data"
    }
  },
  {
    "pk": 164,
    "model": "south.migrationhistory",
    "fields": {
      "applied": "2016-09-20T10:48:33.578Z",
      "app_name": "sentry",
      "migration": "0163_auto__add_field_authidentity_last_synced"
    }
  },
  {
    "pk": 165,
    "model": "south.migrationhistory",
    "fields": {
      "applied": "2016-09-20T10:48:33.751Z",
      "app_name": "sentry",
      "migration": "0164_auto__add_releasefile__add_unique_releasefile_release_ident__add_field"
    }
  },
  {
    "pk": 166,
    "model": "south.migrationhistory",
    "fields": {
      "applied": "2016-09-20T10:48:33.869Z",
      "app_name": "sentry",
      "migration": "0165_auto__del_unique_file_name_checksum"
    }
  },
  {
    "pk": 167,
    "model": "south.migrationhistory",
    "fields": {
      "applied": "2016-09-20T10:48:33.987Z",
      "app_name": "sentry",
      "migration": "0166_auto__chg_field_user_id__add_field_apikey_allowed_origins"
    }
  },
  {
    "pk": 168,
    "model": "south.migrationhistory",
    "fields": {
      "applied": "2016-09-20T10:48:34.099Z",
      "app_name": "sentry",
      "migration": "0167_auto__add_field_authprovider_flags"
    }
  },
  {
    "pk": 169,
    "model": "south.migrationhistory",
    "fields": {
      "applied": "2016-09-20T10:48:34.200Z",
      "app_name": "sentry",
      "migration": "0168_unfill_projectkey_user"
    }
  },
  {
    "pk": 170,
    "model": "south.migrationhistory",
    "fields": {
      "applied": "2016-09-20T10:48:34.302Z",
      "app_name": "sentry",
      "migration": "0169_auto__del_field_projectkey_user"
    }
  },
  {
    "pk": 171,
    "model": "south.migrationhistory",
    "fields": {
      "applied": "2016-09-20T10:48:34.436Z",
      "app_name": "sentry",
      "migration": "0170_auto__add_organizationmemberteam__add_unique_organizationmemberteam_te"
    }
  },
  {
    "pk": 172,
    "model": "south.migrationhistory",
    "fields": {
      "applied": "2016-09-20T10:48:34.560Z",
      "app_name": "sentry",
      "migration": "0171_auto__chg_field_team_owner"
    }
  },
  {
    "pk": 173,
    "model": "south.migrationhistory",
    "fields": {
      "applied": "2016-09-20T10:48:34.675Z",
      "app_name": "sentry",
      "migration": "0172_auto__del_field_team_owner"
    }
  },
  {
    "pk": 174,
    "model": "south.migrationhistory",
    "fields": {
      "applied": "2016-09-20T10:48:34.788Z",
      "app_name": "sentry",
      "migration": "0173_auto__del_teammember__del_unique_teammember_team_user"
    }
  },
  {
    "pk": 175,
    "model": "south.migrationhistory",
    "fields": {
      "applied": "2016-09-20T10:48:34.893Z",
      "app_name": "sentry",
      "migration": "0174_auto__del_field_projectkey_user_added"
    }
  },
  {
    "pk": 176,
    "model": "south.migrationhistory",
    "fields": {
      "applied": "2016-09-20T10:48:35.001Z",
      "app_name": "sentry",
      "migration": "0175_auto__del_pendingteammember__del_unique_pendingteammember_team_email"
    }
  },
  {
    "pk": 177,
    "model": "south.migrationhistory",
    "fields": {
      "applied": "2016-09-20T10:48:35.111Z",
      "app_name": "sentry",
      "migration": "0176_auto__add_field_organizationmember_counter__add_unique_organizationmem"
    }
  },
  {
    "pk": 178,
    "model": "south.migrationhistory",
    "fields": {
      "applied": "2016-09-20T10:48:35.216Z",
      "app_name": "sentry",
      "migration": "0177_fill_member_counters"
    }
  },
  {
    "pk": 179,
    "model": "south.migrationhistory",
    "fields": {
      "applied": "2016-09-20T10:48:35.330Z",
      "app_name": "sentry",
      "migration": "0178_auto__del_unique_organizationmember_organization_counter"
    }
  },
  {
    "pk": 180,
    "model": "south.migrationhistory",
    "fields": {
      "applied": "2016-09-20T10:48:35.438Z",
      "app_name": "sentry",
      "migration": "0179_auto__add_field_release_date_released"
    }
  },
  {
    "pk": 181,
    "model": "south.migrationhistory",
    "fields": {
      "applied": "2016-09-20T10:48:35.584Z",
      "app_name": "sentry",
      "migration": "0180_auto__add_field_release_environment__add_field_release_ref__add_field_"
    }
  },
  {
    "pk": 182,
    "model": "south.migrationhistory",
    "fields": {
      "applied": "2016-09-20T10:48:35.716Z",
      "app_name": "sentry",
      "migration": "0181_auto__del_field_release_environment__del_unique_release_project_versio"
    }
  },
  {
    "pk": 183,
    "model": "south.migrationhistory",
    "fields": {
      "applied": "2016-09-20T10:48:35.852Z",
      "app_name": "sentry",
      "migration": "0182_auto__add_field_auditlogentry_actor_label__add_field_auditlogentry_act"
    }
  },
  {
    "pk": 184,
    "model": "south.migrationhistory",
    "fields": {
      "applied": "2016-09-20T10:48:35.960Z",
      "app_name": "sentry",
      "migration": "0183_auto__del_index_grouphash_hash"
    }
  },
  {
    "pk": 185,
    "model": "south.migrationhistory",
    "fields": {
      "applied": "2016-09-20T10:48:36.080Z",
      "app_name": "sentry",
      "migration": "0184_auto__del_field_group_checksum__del_unique_group_project_checksum__del"
    }
  },
  {
    "pk": 186,
    "model": "south.migrationhistory",
    "fields": {
      "applied": "2016-09-20T10:48:36.198Z",
      "app_name": "sentry",
      "migration": "0185_auto__add_savedsearch__add_unique_savedsearch_project_name"
    }
  },
  {
    "pk": 187,
    "model": "south.migrationhistory",
    "fields": {
      "applied": "2016-09-20T10:48:36.316Z",
      "app_name": "sentry",
      "migration": "0186_auto__add_field_group_first_release"
    }
  },
  {
    "pk": 188,
    "model": "south.migrationhistory",
    "fields": {
      "applied": "2016-09-20T10:48:36.430Z",
      "app_name": "sentry",
      "migration": "0187_auto__add_index_group_project_first_release"
    }
  },
  {
    "pk": 189,
    "model": "south.migrationhistory",
    "fields": {
      "applied": "2016-09-20T10:48:36.555Z",
      "app_name": "sentry",
      "migration": "0188_auto__add_userreport"
    }
  },
  {
    "pk": 190,
    "model": "south.migrationhistory",
    "fields": {
      "applied": "2016-09-20T10:48:36.677Z",
      "app_name": "sentry",
      "migration": "0189_auto__add_index_userreport_project_event_id"
    }
  },
  {
    "pk": 191,
    "model": "south.migrationhistory",
    "fields": {
      "applied": "2016-09-20T10:48:36.806Z",
      "app_name": "sentry",
      "migration": "0190_auto__add_field_release_new_groups"
    }
  },
  {
    "pk": 192,
    "model": "south.migrationhistory",
    "fields": {
      "applied": "2016-09-20T10:48:36.919Z",
      "app_name": "sentry",
      "migration": "0191_auto__del_alert__del_alertrelatedgroup__del_unique_alertrelatedgroup_g"
    }
  },
  {
    "pk": 193,
    "model": "south.migrationhistory",
    "fields": {
      "applied": "2016-09-20T10:48:37.536Z",
      "app_name": "sentry",
      "migration": "0192_add_model_groupemailthread"
    }
  },
  {
    "pk": 194,
    "model": "south.migrationhistory",
    "fields": {
      "applied": "2016-09-20T10:48:37.663Z",
      "app_name": "sentry",
      "migration": "0193_auto__del_unique_groupemailthread_msgid__add_unique_groupemailthread_e"
    }
  },
  {
    "pk": 195,
    "model": "south.migrationhistory",
    "fields": {
      "applied": "2016-09-20T10:48:37.773Z",
      "app_name": "sentry",
      "migration": "0194_auto__del_field_project_platform"
    }
  },
  {
    "pk": 196,
    "model": "south.migrationhistory",
    "fields": {
      "applied": "2016-09-20T10:48:37.889Z",
      "app_name": "sentry",
      "migration": "0195_auto__chg_field_organization_owner"
    }
  },
  {
    "pk": 197,
    "model": "south.migrationhistory",
    "fields": {
      "applied": "2016-09-20T10:48:37.989Z",
      "app_name": "sentry",
      "migration": "0196_auto__del_field_organization_owner"
    }
  },
  {
    "pk": 198,
    "model": "south.migrationhistory",
    "fields": {
      "applied": "2016-09-20T10:48:38.104Z",
      "app_name": "sentry",
      "migration": "0197_auto__del_accessgroup__del_unique_accessgroup_team_name"
    }
  },
  {
    "pk": 199,
    "model": "south.migrationhistory",
    "fields": {
      "applied": "2016-09-20T10:48:38.207Z",
      "app_name": "sentry",
      "migration": "0198_auto__add_field_release_primary_owner"
    }
  },
  {
    "pk": 200,
    "model": "south.migrationhistory",
    "fields": {
      "applied": "2016-09-20T10:48:38.310Z",
      "app_name": "sentry",
      "migration": "0199_auto__add_field_project_first_event"
    }
  },
  {
    "pk": 201,
    "model": "south.migrationhistory",
    "fields": {
      "applied": "2016-09-20T10:48:38.412Z",
      "app_name": "sentry",
      "migration": "0200_backfill_first_event"
    }
  },
  {
    "pk": 202,
    "model": "south.migrationhistory",
    "fields": {
      "applied": "2016-09-20T10:48:38.533Z",
      "app_name": "sentry",
      "migration": "0201_auto__add_eventuser__add_unique_eventuser_project_ident__add_index_eve"
    }
  },
  {
    "pk": 203,
    "model": "south.migrationhistory",
    "fields": {
      "applied": "2016-09-20T10:48:38.661Z",
      "app_name": "sentry",
      "migration": "0202_auto__add_field_eventuser_hash__add_unique_eventuser_project_hash"
    }
  },
  {
    "pk": 204,
    "model": "south.migrationhistory",
    "fields": {
      "applied": "2016-09-20T10:48:38.803Z",
      "app_name": "sentry",
      "migration": "0203_auto__chg_field_eventuser_username__chg_field_eventuser_ident"
    }
  },
  {
    "pk": 205,
    "model": "south.migrationhistory",
    "fields": {
      "applied": "2016-09-20T10:48:38.947Z",
      "app_name": "sentry",
      "migration": "0204_backfill_team_membership"
    }
  },
  {
    "pk": 206,
    "model": "south.migrationhistory",
    "fields": {
      "applied": "2016-09-20T10:48:39.074Z",
      "app_name": "sentry",
      "migration": "0205_auto__add_field_organizationmember_role"
    }
  },
  {
    "pk": 207,
    "model": "south.migrationhistory",
    "fields": {
      "applied": "2016-09-20T10:48:39.179Z",
      "app_name": "sentry",
      "migration": "0206_backfill_member_role"
    }
  },
  {
    "pk": 208,
    "model": "south.migrationhistory",
    "fields": {
      "applied": "2016-09-20T10:48:39.294Z",
      "app_name": "sentry",
      "migration": "0207_auto__add_field_organization_default_role"
    }
  },
  {
    "pk": 209,
    "model": "south.migrationhistory",
    "fields": {
      "applied": "2016-09-20T10:48:39.399Z",
      "app_name": "sentry",
      "migration": "0208_backfill_default_role"
    }
  },
  {
    "pk": 210,
    "model": "south.migrationhistory",
    "fields": {
      "applied": "2016-09-20T10:48:39.520Z",
      "app_name": "sentry",
      "migration": "0209_auto__add_broadcastseen__add_unique_broadcastseen_broadcast_user"
    }
  },
  {
    "pk": 211,
    "model": "south.migrationhistory",
    "fields": {
      "applied": "2016-09-20T10:48:39.634Z",
      "app_name": "sentry",
      "migration": "0210_auto__del_field_broadcast_badge"
    }
  },
  {
    "pk": 212,
    "model": "south.migrationhistory",
    "fields": {
      "applied": "2016-09-20T10:48:39.755Z",
      "app_name": "sentry",
      "migration": "0211_auto__add_field_broadcast_title"
    }
  },
  {
    "pk": 213,
    "model": "south.migrationhistory",
    "fields": {
      "applied": "2016-09-20T10:48:39.891Z",
      "app_name": "sentry",
      "migration": "0212_auto__add_fileblob__add_field_file_blob"
    }
  },
  {
    "pk": 214,
    "model": "south.migrationhistory",
    "fields": {
      "applied": "2016-09-20T10:48:40.050Z",
      "app_name": "sentry",
      "migration": "0212_auto__add_organizationoption__add_unique_organizationoption_organizati"
    }
  },
  {
    "pk": 215,
    "model": "south.migrationhistory",
    "fields": {
      "applied": "2016-09-20T10:48:40.176Z",
      "app_name": "sentry",
      "migration": "0213_migrate_file_blobs"
    }
  },
  {
    "pk": 216,
    "model": "south.migrationhistory",
    "fields": {
      "applied": "2016-09-20T10:48:40.298Z",
      "app_name": "sentry",
      "migration": "0214_auto__add_field_broadcast_upstream_id"
    }
  },
  {
    "pk": 217,
    "model": "south.migrationhistory",
    "fields": {
      "applied": "2016-09-20T10:48:40.424Z",
      "app_name": "sentry",
      "migration": "0215_auto__add_field_broadcast_date_expires"
    }
  },
  {
    "pk": 218,
    "model": "south.migrationhistory",
    "fields": {
      "applied": "2016-09-20T10:48:40.556Z",
      "app_name": "sentry",
      "migration": "0216_auto__add_groupsnooze"
    }
  },
  {
    "pk": 219,
    "model": "south.migrationhistory",
    "fields": {
      "applied": "2016-09-20T10:48:40.706Z",
      "app_name": "sentry",
      "migration": "0217_auto__add_groupresolution"
    }
  },
  {
    "pk": 220,
    "model": "south.migrationhistory",
    "fields": {
      "applied": "2016-09-20T10:48:40.840Z",
      "app_name": "sentry",
      "migration": "0218_auto__add_field_groupresolution_status"
    }
  },
  {
    "pk": 221,
    "model": "south.migrationhistory",
    "fields": {
      "applied": "2016-09-20T10:48:41.023Z",
      "app_name": "sentry",
      "migration": "0219_auto__add_field_groupbookmark_date_added"
    }
  },
  {
    "pk": 222,
    "model": "south.migrationhistory",
    "fields": {
      "applied": "2016-09-20T10:48:41.145Z",
      "app_name": "sentry",
      "migration": "0220_auto__del_field_fileblob_storage_options__del_field_fileblob_storage__"
    }
  },
  {
    "pk": 223,
    "model": "south.migrationhistory",
    "fields": {
      "applied": "2016-09-20T10:48:41.284Z",
      "app_name": "sentry",
      "migration": "0221_auto__chg_field_user_first_name"
    }
  },
  {
    "pk": 224,
    "model": "south.migrationhistory",
    "fields": {
      "applied": "2016-09-20T10:48:41.405Z",
      "app_name": "sentry",
      "migration": "0222_auto__del_field_user_last_name__del_field_user_first_name__add_field_u"
    }
  },
  {
    "pk": 225,
    "model": "south.migrationhistory",
    "fields": {
      "applied": "2016-09-20T10:48:41.538Z",
      "app_name": "sentry",
      "migration": "0223_delete_old_sentry_docs_options"
    }
  },
  {
    "pk": 226,
    "model": "south.migrationhistory",
    "fields": {
      "applied": "2016-09-20T10:48:41.686Z",
      "app_name": "sentry",
      "migration": "0224_auto__add_index_userreport_project_date_added"
    }
  },
  {
    "pk": 227,
    "model": "south.migrationhistory",
    "fields": {
      "applied": "2016-09-20T10:48:41.827Z",
      "app_name": "sentry",
      "migration": "0225_auto__add_fileblobindex__add_unique_fileblobindex_file_blob_offset"
    }
  },
  {
    "pk": 228,
    "model": "south.migrationhistory",
    "fields": {
      "applied": "2016-09-20T10:48:41.996Z",
      "app_name": "sentry",
      "migration": "0226_backfill_file_size"
    }
  },
  {
    "pk": 229,
    "model": "south.migrationhistory",
    "fields": {
      "applied": "2016-09-20T10:48:42.131Z",
      "app_name": "sentry",
      "migration": "0227_auto__del_field_activity_event"
    }
  },
  {
    "pk": 230,
    "model": "south.migrationhistory",
    "fields": {
      "applied": "2016-09-20T10:48:42.280Z",
      "app_name": "sentry",
      "migration": "0228_auto__del_field_event_num_comments"
    }
  },
  {
    "pk": 231,
    "model": "south.migrationhistory",
    "fields": {
      "applied": "2016-09-20T10:48:42.461Z",
      "app_name": "sentry",
      "migration": "0229_drop_event_constraints"
    }
  },
  {
    "pk": 232,
    "model": "south.migrationhistory",
    "fields": {
      "applied": "2016-09-20T10:48:43.224Z",
      "app_name": "sentry",
      "migration": "0230_auto__del_field_eventmapping_group__del_field_eventmapping_project__ad"
    }
  },
  {
    "pk": 233,
    "model": "south.migrationhistory",
    "fields": {
      "applied": "2016-09-20T10:48:43.365Z",
      "app_name": "sentry",
      "migration": "0231_auto__add_field_savedsearch_is_default"
    }
  },
  {
    "pk": 234,
    "model": "south.migrationhistory",
    "fields": {
      "applied": "2016-09-20T10:48:43.524Z",
      "app_name": "sentry",
      "migration": "0232_default_savedsearch"
    }
  },
  {
    "pk": 235,
    "model": "south.migrationhistory",
    "fields": {
      "applied": "2016-09-20T10:48:43.657Z",
      "app_name": "sentry",
      "migration": "0233_add_new_savedsearch"
    }
  },
  {
    "pk": 236,
    "model": "south.migrationhistory",
    "fields": {
      "applied": "2016-09-20T10:48:43.805Z",
      "app_name": "sentry",
      "migration": "0234_auto__add_savedsearchuserdefault__add_unique_savedsearchuserdefault_pr"
    }
  },
  {
    "pk": 237,
    "model": "south.migrationhistory",
    "fields": {
      "applied": "2016-09-20T10:48:43.951Z",
      "app_name": "sentry",
      "migration": "0235_auto__add_projectbookmark__add_unique_projectbookmark_project_id_user_"
    }
  },
  {
    "pk": 238,
    "model": "south.migrationhistory",
    "fields": {
      "applied": "2016-09-20T10:48:44.109Z",
      "app_name": "sentry",
      "migration": "0236_auto__add_organizationonboardingtask__add_unique_organizationonboardin"
    }
  },
  {
    "pk": 239,
    "model": "south.migrationhistory",
    "fields": {
      "applied": "2016-09-20T10:48:44.258Z",
      "app_name": "sentry",
      "migration": "0237_auto__add_eventtag__add_unique_eventtag_event_id_key_id_value_id"
    }
  },
  {
    "pk": 240,
    "model": "south.migrationhistory",
    "fields": {
      "applied": "2016-09-20T10:48:44.427Z",
      "app_name": "sentry",
      "migration": "0238_fill_org_onboarding_tasks"
    }
  },
  {
    "pk": 241,
    "model": "south.migrationhistory",
    "fields": {
      "applied": "2016-09-20T10:48:44.605Z",
      "app_name": "sentry",
      "migration": "0239_auto__add_projectdsymfile__add_unique_projectdsymfile_project_uuid__ad"
    }
  },
  {
    "pk": 242,
    "model": "south.migrationhistory",
    "fields": {
      "applied": "2016-09-20T10:48:44.773Z",
      "app_name": "sentry",
      "migration": "0240_fill_onboarding_option"
    }
  },
  {
    "pk": 243,
    "model": "south.migrationhistory",
    "fields": {
      "applied": "2016-09-20T10:48:44.950Z",
      "app_name": "sentry",
      "migration": "0241_auto__add_counter__add_unique_counter_project_ident__add_field_group_s"
    }
  },
  {
    "pk": 244,
    "model": "south.migrationhistory",
    "fields": {
      "applied": "2016-09-20T10:48:45.102Z",
      "app_name": "sentry",
      "migration": "0242_auto__add_field_project_forced_color"
    }
  },
  {
    "pk": 245,
    "model": "south.migrationhistory",
    "fields": {
      "applied": "2016-09-20T10:48:45.309Z",
      "app_name": "sentry",
      "migration": "0243_remove_inactive_members"
    }
  },
  {
    "pk": 246,
    "model": "south.migrationhistory",
    "fields": {
      "applied": "2016-09-20T10:48:45.476Z",
      "app_name": "sentry",
      "migration": "0244_auto__add_groupredirect"
    }
  },
  {
    "pk": 247,
    "model": "south.migrationhistory",
    "fields": {
      "applied": "2016-09-20T10:48:45.642Z",
      "app_name": "sentry",
      "migration": "0245_auto__del_field_project_callsign__del_unique_project_organization_call"
    }
  },
  {
    "pk": 248,
    "model": "south.migrationhistory",
    "fields": {
      "applied": "2016-09-20T10:48:45.860Z",
      "app_name": "sentry",
      "migration": "0246_auto__add_dsymsymbol__add_unique_dsymsymbol_object_address__add_dsymsd"
    }
  },
  {
    "pk": 249,
    "model": "south.migrationhistory",
    "fields": {
      "applied": "2016-09-20T10:48:46.054Z",
      "app_name": "sentry",
      "migration": "0247_migrate_file_blobs"
    }
  },
  {
    "pk": 250,
    "model": "south.migrationhistory",
    "fields": {
      "applied": "2016-09-20T10:48:46.333Z",
      "app_name": "sentry",
      "migration": "0248_auto__add_projectplatform__add_unique_projectplatform_project_id_platf"
    }
  },
  {
    "pk": 251,
    "model": "south.migrationhistory",
    "fields": {
      "applied": "2016-09-20T10:48:46.509Z",
      "app_name": "sentry",
      "migration": "0249_auto__add_index_eventtag_project_id_key_id_value_id"
    }
  },
  {
    "pk": 252,
    "model": "south.migrationhistory",
    "fields": {
      "applied": "2016-09-20T10:48:46.694Z",
      "app_name": "sentry",
      "migration": "0250_auto__add_unique_userreport_project_event_id"
    }
  },
  {
    "pk": 253,
    "model": "south.migrationhistory",
    "fields": {
      "applied": "2016-09-20T10:48:46.879Z",
      "app_name": "sentry",
      "migration": "0251_auto__add_useravatar"
    }
  },
  {
    "pk": 254,
    "model": "south.migrationhistory",
    "fields": {
      "applied": "2016-09-20T10:48:47.063Z",
      "app_name": "sentry",
      "migration": "0252_default_users_to_gravatar"
    }
  },
  {
    "pk": 255,
    "model": "south.migrationhistory",
    "fields": {
      "applied": "2016-09-20T10:48:47.249Z",
      "app_name": "sentry",
      "migration": "0253_auto__add_field_eventtag_group_id"
    }
  },
  {
    "pk": 256,
    "model": "south.migrationhistory",
    "fields": {
      "applied": "2016-09-20T10:48:47.430Z",
      "app_name": "sentry",
      "migration": "0254_auto__add_index_eventtag_group_id_key_id_value_id"
    }
  },
  {
    "pk": 257,
    "model": "south.migrationhistory",
    "fields": {
      "applied": "2016-09-20T10:48:47.706Z",
      "app_name": "sentry",
      "migration": "0255_auto__add_apitoken"
    }
  },
  {
    "pk": 258,
    "model": "south.migrationhistory",
    "fields": {
      "applied": "2016-09-20T10:48:47.916Z",
      "app_name": "sentry",
      "migration": "0256_auto__add_authenticator"
    }
  },
  {
    "pk": 259,
    "model": "south.migrationhistory",
    "fields": {
      "applied": "2016-09-20T10:48:48.108Z",
      "app_name": "sentry",
      "migration": "0257_repair_activity"
    }
  },
  {
    "pk": 260,
    "model": "south.migrationhistory",
    "fields": {
      "applied": "2016-09-20T10:48:48.310Z",
      "app_name": "sentry",
      "migration": "0258_auto__add_field_user_is_password_expired__add_field_user_last_password"
    }
  },
  {
    "pk": 261,
    "model": "south.migrationhistory",
    "fields": {
      "applied": "2016-09-20T10:48:48.520Z",
      "app_name": "sentry",
      "migration": "0259_auto__add_useremail__add_unique_useremail_user_email"
    }
  },
  {
    "pk": 262,
    "model": "south.migrationhistory",
    "fields": {
      "applied": "2016-09-20T10:48:48.738Z",
      "app_name": "sentry",
      "migration": "0260_populate_email_addresses"
    }
  },
  {
    "pk": 263,
    "model": "south.migrationhistory",
    "fields": {
      "applied": "2016-09-20T10:48:48.996Z",
      "app_name": "sentry",
      "migration": "0261_auto__add_groupsubscription__add_unique_groupsubscription_group_user"
    }
  },
  {
    "pk": 264,
    "model": "south.migrationhistory",
    "fields": {
      "applied": "2016-09-20T10:48:49.221Z",
      "app_name": "sentry",
      "migration": "0262_fix_tag_indexes"
    }
  },
  {
    "pk": 265,
    "model": "south.migrationhistory",
    "fields": {
      "applied": "2016-09-20T10:48:49.427Z",
      "app_name": "sentry",
      "migration": "0263_remove_default_regression_rule"
    }
  },
  {
    "pk": 266,
    "model": "south.migrationhistory",
    "fields": {
      "applied": "2016-09-20T10:48:49.636Z",
      "app_name": "sentry",
      "migration": "0264_drop_grouptagvalue_project_index"
    }
  },
  {
    "pk": 267,
    "model": "south.migrationhistory",
    "fields": {
      "applied": "2016-09-20T10:48:49.863Z",
      "app_name": "sentry",
      "migration": "0265_auto__add_field_rule_status"
    }
  },
  {
    "pk": 268,
    "model": "south.migrationhistory",
    "fields": {
      "applied": "2016-09-20T10:48:50.085Z",
      "app_name": "sentry",
      "migration": "0266_auto__add_grouprelease__add_unique_grouprelease_group_id_release_id_en"
    }
  },
  {
    "pk": 269,
    "model": "south.migrationhistory",
    "fields": {
      "applied": "2016-09-20T10:48:51.052Z",
      "app_name": "sentry",
      "migration": "0267_auto__add_environment__add_unique_environment_project_id_name__add_rel"
    }
  },
  {
    "pk": 270,
    "model": "south.migrationhistory",
    "fields": {
      "applied": "2016-09-20T10:48:51.318Z",
      "app_name": "sentry",
      "migration": "0268_fill_environment"
    }
  },
  {
    "pk": 271,
    "model": "south.migrationhistory",
    "fields": {
      "applied": "2016-09-20T10:48:51.517Z",
      "app_name": "sentry",
      "migration": "0269_auto__del_helppage"
    }
  },
  {
    "pk": 272,
    "model": "south.migrationhistory",
    "fields": {
      "applied": "2016-09-20T10:48:51.743Z",
      "app_name": "sentry",
      "migration": "0270_auto__add_field_organizationmember_token"
    }
  },
  {
    "pk": 273,
    "model": "south.migrationhistory",
    "fields": {
      "applied": "2016-09-20T10:48:51.965Z",
      "app_name": "sentry",
      "migration": "0271_auto__del_field_organizationmember_counter"
    }
  },
  {
    "pk": 274,
    "model": "south.migrationhistory",
    "fields": {
      "applied": "2016-09-20T10:48:52.500Z",
      "app_name": "nodestore",
      "migration": "0001_initial"
    }
  },
  {
    "pk": 275,
    "model": "south.migrationhistory",
    "fields": {
      "applied": "2016-09-20T10:48:52.972Z",
      "app_name": "search",
      "migration": "0001_initial"
    }
  },
  {
    "pk": 276,
    "model": "south.migrationhistory",
    "fields": {
      "applied": "2016-09-20T10:48:53.008Z",
      "app_name": "search",
      "migration": "0002_auto__del_searchtoken__del_unique_searchtoken_document_field_token__de"
    }
  },
  {
    "pk": 277,
    "model": "south.migrationhistory",
    "fields": {
      "applied": "2016-09-20T10:48:56.088Z",
      "app_name": "social_auth",
      "migration": "0001_initial"
    }
  },
  {
    "pk": 278,
    "model": "south.migrationhistory",
    "fields": {
      "applied": "2016-09-20T10:48:56.217Z",
      "app_name": "social_auth",
      "migration": "0002_auto__add_unique_nonce_timestamp_salt_server_url__add_unique_associati"
    }
  },
  {
    "pk": 1,
    "model": "sentry.organization",
    "fields": {
      "status": 0,
      "name": "Sentry",
      "default_role": "member",
      "flags": "1",
      "date_added": "2016-09-20T10:48:51.972Z",
      "slug": "sentry"
    }
  },
  {
    "pk": 1,
    "model": "auth.permission",
    "fields": {
      "codename": "add_logentry",
      "name": "Can add log entry",
      "content_type": [
        "admin",
        "logentry"
      ]
    }
  },
  {
    "pk": 2,
    "model": "auth.permission",
    "fields": {
      "codename": "change_logentry",
      "name": "Can change log entry",
      "content_type": [
        "admin",
        "logentry"
      ]
    }
  },
  {
    "pk": 3,
    "model": "auth.permission",
    "fields": {
      "codename": "delete_logentry",
      "name": "Can delete log entry",
      "content_type": [
        "admin",
        "logentry"
      ]
    }
  },
  {
    "pk": 4,
    "model": "auth.permission",
    "fields": {
      "codename": "add_permission",
      "name": "Can add permission",
      "content_type": [
        "auth",
        "permission"
      ]
    }
  },
  {
    "pk": 5,
    "model": "auth.permission",
    "fields": {
      "codename": "change_permission",
      "name": "Can change permission",
      "content_type": [
        "auth",
        "permission"
      ]
    }
  },
  {
    "pk": 6,
    "model": "auth.permission",
    "fields": {
      "codename": "delete_permission",
      "name": "Can delete permission",
      "content_type": [
        "auth",
        "permission"
      ]
    }
  },
  {
    "pk": 7,
    "model": "auth.permission",
    "fields": {
      "codename": "add_group",
      "name": "Can add group",
      "content_type": [
        "auth",
        "group"
      ]
    }
  },
  {
    "pk": 8,
    "model": "auth.permission",
    "fields": {
      "codename": "change_group",
      "name": "Can change group",
      "content_type": [
        "auth",
        "group"
      ]
    }
  },
  {
    "pk": 9,
    "model": "auth.permission",
    "fields": {
      "codename": "delete_group",
      "name": "Can delete group",
      "content_type": [
        "auth",
        "group"
      ]
    }
  },
  {
    "pk": 10,
    "model": "auth.permission",
    "fields": {
      "codename": "add_contenttype",
      "name": "Can add content type",
      "content_type": [
        "contenttypes",
        "contenttype"
      ]
    }
  },
  {
    "pk": 11,
    "model": "auth.permission",
    "fields": {
      "codename": "change_contenttype",
      "name": "Can change content type",
      "content_type": [
        "contenttypes",
        "contenttype"
      ]
    }
  },
  {
    "pk": 12,
    "model": "auth.permission",
    "fields": {
      "codename": "delete_contenttype",
      "name": "Can delete content type",
      "content_type": [
        "contenttypes",
        "contenttype"
      ]
    }
  },
  {
    "pk": 13,
    "model": "auth.permission",
    "fields": {
      "codename": "add_session",
      "name": "Can add session",
      "content_type": [
        "sessions",
        "session"
      ]
    }
  },
  {
    "pk": 14,
    "model": "auth.permission",
    "fields": {
      "codename": "change_session",
      "name": "Can change session",
      "content_type": [
        "sessions",
        "session"
      ]
    }
  },
  {
    "pk": 15,
    "model": "auth.permission",
    "fields": {
      "codename": "delete_session",
      "name": "Can delete session",
      "content_type": [
        "sessions",
        "session"
      ]
    }
  },
  {
    "pk": 16,
    "model": "auth.permission",
    "fields": {
      "codename": "add_site",
      "name": "Can add site",
      "content_type": [
        "sites",
        "site"
      ]
    }
  },
  {
    "pk": 17,
    "model": "auth.permission",
    "fields": {
      "codename": "change_site",
      "name": "Can change site",
      "content_type": [
        "sites",
        "site"
      ]
    }
  },
  {
    "pk": 18,
    "model": "auth.permission",
    "fields": {
      "codename": "delete_site",
      "name": "Can delete site",
      "content_type": [
        "sites",
        "site"
      ]
    }
  },
  {
    "pk": 19,
    "model": "auth.permission",
    "fields": {
      "codename": "add_migrationhistory",
      "name": "Can add migration history",
      "content_type": [
        "south",
        "migrationhistory"
      ]
    }
  },
  {
    "pk": 20,
    "model": "auth.permission",
    "fields": {
      "codename": "change_migrationhistory",
      "name": "Can change migration history",
      "content_type": [
        "south",
        "migrationhistory"
      ]
    }
  },
  {
    "pk": 21,
    "model": "auth.permission",
    "fields": {
      "codename": "delete_migrationhistory",
      "name": "Can delete migration history",
      "content_type": [
        "south",
        "migrationhistory"
      ]
    }
  },
  {
    "pk": 22,
    "model": "auth.permission",
    "fields": {
      "codename": "add_activity",
      "name": "Can add activity",
      "content_type": [
        "sentry",
        "activity"
      ]
    }
  },
  {
    "pk": 23,
    "model": "auth.permission",
    "fields": {
      "codename": "change_activity",
      "name": "Can change activity",
      "content_type": [
        "sentry",
        "activity"
      ]
    }
  },
  {
    "pk": 24,
    "model": "auth.permission",
    "fields": {
      "codename": "delete_activity",
      "name": "Can delete activity",
      "content_type": [
        "sentry",
        "activity"
      ]
    }
  },
  {
    "pk": 25,
    "model": "auth.permission",
    "fields": {
      "codename": "add_apikey",
      "name": "Can add api key",
      "content_type": [
        "sentry",
        "apikey"
      ]
    }
  },
  {
    "pk": 26,
    "model": "auth.permission",
    "fields": {
      "codename": "change_apikey",
      "name": "Can change api key",
      "content_type": [
        "sentry",
        "apikey"
      ]
    }
  },
  {
    "pk": 27,
    "model": "auth.permission",
    "fields": {
      "codename": "delete_apikey",
      "name": "Can delete api key",
      "content_type": [
        "sentry",
        "apikey"
      ]
    }
  },
  {
    "pk": 28,
    "model": "auth.permission",
    "fields": {
      "codename": "add_apitoken",
      "name": "Can add api token",
      "content_type": [
        "sentry",
        "apitoken"
      ]
    }
  },
  {
    "pk": 29,
    "model": "auth.permission",
    "fields": {
      "codename": "change_apitoken",
      "name": "Can change api token",
      "content_type": [
        "sentry",
        "apitoken"
      ]
    }
  },
  {
    "pk": 30,
    "model": "auth.permission",
    "fields": {
      "codename": "delete_apitoken",
      "name": "Can delete api token",
      "content_type": [
        "sentry",
        "apitoken"
      ]
    }
  },
  {
    "pk": 31,
    "model": "auth.permission",
    "fields": {
      "codename": "add_auditlogentry",
      "name": "Can add audit log entry",
      "content_type": [
        "sentry",
        "auditlogentry"
      ]
    }
  },
  {
    "pk": 32,
    "model": "auth.permission",
    "fields": {
      "codename": "change_auditlogentry",
      "name": "Can change audit log entry",
      "content_type": [
        "sentry",
        "auditlogentry"
      ]
    }
  },
  {
    "pk": 33,
    "model": "auth.permission",
    "fields": {
      "codename": "delete_auditlogentry",
      "name": "Can delete audit log entry",
      "content_type": [
        "sentry",
        "auditlogentry"
      ]
    }
  },
  {
    "pk": 34,
    "model": "auth.permission",
    "fields": {
      "codename": "add_authenticator",
      "name": "Can add authenticator",
      "content_type": [
        "sentry",
        "authenticator"
      ]
    }
  },
  {
    "pk": 35,
    "model": "auth.permission",
    "fields": {
      "codename": "change_authenticator",
      "name": "Can change authenticator",
      "content_type": [
        "sentry",
        "authenticator"
      ]
    }
  },
  {
    "pk": 36,
    "model": "auth.permission",
    "fields": {
      "codename": "delete_authenticator",
      "name": "Can delete authenticator",
      "content_type": [
        "sentry",
        "authenticator"
      ]
    }
  },
  {
    "pk": 37,
    "model": "auth.permission",
    "fields": {
      "codename": "add_authidentity",
      "name": "Can add auth identity",
      "content_type": [
        "sentry",
        "authidentity"
      ]
    }
  },
  {
    "pk": 38,
    "model": "auth.permission",
    "fields": {
      "codename": "change_authidentity",
      "name": "Can change auth identity",
      "content_type": [
        "sentry",
        "authidentity"
      ]
    }
  },
  {
    "pk": 39,
    "model": "auth.permission",
    "fields": {
      "codename": "delete_authidentity",
      "name": "Can delete auth identity",
      "content_type": [
        "sentry",
        "authidentity"
      ]
    }
  },
  {
    "pk": 40,
    "model": "auth.permission",
    "fields": {
      "codename": "add_authprovider",
      "name": "Can add auth provider",
      "content_type": [
        "sentry",
        "authprovider"
      ]
    }
  },
  {
    "pk": 41,
    "model": "auth.permission",
    "fields": {
      "codename": "change_authprovider",
      "name": "Can change auth provider",
      "content_type": [
        "sentry",
        "authprovider"
      ]
    }
  },
  {
    "pk": 42,
    "model": "auth.permission",
    "fields": {
      "codename": "delete_authprovider",
      "name": "Can delete auth provider",
      "content_type": [
        "sentry",
        "authprovider"
      ]
    }
  },
  {
    "pk": 43,
    "model": "auth.permission",
    "fields": {
      "codename": "add_broadcast",
      "name": "Can add broadcast",
      "content_type": [
        "sentry",
        "broadcast"
      ]
    }
  },
  {
    "pk": 44,
    "model": "auth.permission",
    "fields": {
      "codename": "change_broadcast",
      "name": "Can change broadcast",
      "content_type": [
        "sentry",
        "broadcast"
      ]
    }
  },
  {
    "pk": 45,
    "model": "auth.permission",
    "fields": {
      "codename": "delete_broadcast",
      "name": "Can delete broadcast",
      "content_type": [
        "sentry",
        "broadcast"
      ]
    }
  },
  {
    "pk": 46,
    "model": "auth.permission",
    "fields": {
      "codename": "add_broadcastseen",
      "name": "Can add broadcast seen",
      "content_type": [
        "sentry",
        "broadcastseen"
      ]
    }
  },
  {
    "pk": 47,
    "model": "auth.permission",
    "fields": {
      "codename": "change_broadcastseen",
      "name": "Can change broadcast seen",
      "content_type": [
        "sentry",
        "broadcastseen"
      ]
    }
  },
  {
    "pk": 48,
    "model": "auth.permission",
    "fields": {
      "codename": "delete_broadcastseen",
      "name": "Can delete broadcast seen",
      "content_type": [
        "sentry",
        "broadcastseen"
      ]
    }
  },
  {
    "pk": 49,
    "model": "auth.permission",
    "fields": {
      "codename": "add_counter",
      "name": "Can add counter",
      "content_type": [
        "sentry",
        "counter"
      ]
    }
  },
  {
    "pk": 50,
    "model": "auth.permission",
    "fields": {
      "codename": "change_counter",
      "name": "Can change counter",
      "content_type": [
        "sentry",
        "counter"
      ]
    }
  },
  {
    "pk": 51,
    "model": "auth.permission",
    "fields": {
      "codename": "delete_counter",
      "name": "Can delete counter",
      "content_type": [
        "sentry",
        "counter"
      ]
    }
  },
  {
    "pk": 52,
    "model": "auth.permission",
    "fields": {
      "codename": "add_fileblob",
      "name": "Can add file blob",
      "content_type": [
        "sentry",
        "fileblob"
      ]
    }
  },
  {
    "pk": 53,
    "model": "auth.permission",
    "fields": {
      "codename": "change_fileblob",
      "name": "Can change file blob",
      "content_type": [
        "sentry",
        "fileblob"
      ]
    }
  },
  {
    "pk": 54,
    "model": "auth.permission",
    "fields": {
      "codename": "delete_fileblob",
      "name": "Can delete file blob",
      "content_type": [
        "sentry",
        "fileblob"
      ]
    }
  },
  {
    "pk": 55,
    "model": "auth.permission",
    "fields": {
      "codename": "add_file",
      "name": "Can add file",
      "content_type": [
        "sentry",
        "file"
      ]
    }
  },
  {
    "pk": 56,
    "model": "auth.permission",
    "fields": {
      "codename": "change_file",
      "name": "Can change file",
      "content_type": [
        "sentry",
        "file"
      ]
    }
  },
  {
    "pk": 57,
    "model": "auth.permission",
    "fields": {
      "codename": "delete_file",
      "name": "Can delete file",
      "content_type": [
        "sentry",
        "file"
      ]
    }
  },
  {
    "pk": 58,
    "model": "auth.permission",
    "fields": {
      "codename": "add_fileblobindex",
      "name": "Can add file blob index",
      "content_type": [
        "sentry",
        "fileblobindex"
      ]
    }
  },
  {
    "pk": 59,
    "model": "auth.permission",
    "fields": {
      "codename": "change_fileblobindex",
      "name": "Can change file blob index",
      "content_type": [
        "sentry",
        "fileblobindex"
      ]
    }
  },
  {
    "pk": 60,
    "model": "auth.permission",
    "fields": {
      "codename": "delete_fileblobindex",
      "name": "Can delete file blob index",
      "content_type": [
        "sentry",
        "fileblobindex"
      ]
    }
  },
  {
    "pk": 61,
    "model": "auth.permission",
    "fields": {
      "codename": "add_dsymsdk",
      "name": "Can add d sym sdk",
      "content_type": [
        "sentry",
        "dsymsdk"
      ]
    }
  },
  {
    "pk": 62,
    "model": "auth.permission",
    "fields": {
      "codename": "change_dsymsdk",
      "name": "Can change d sym sdk",
      "content_type": [
        "sentry",
        "dsymsdk"
      ]
    }
  },
  {
    "pk": 63,
    "model": "auth.permission",
    "fields": {
      "codename": "delete_dsymsdk",
      "name": "Can delete d sym sdk",
      "content_type": [
        "sentry",
        "dsymsdk"
      ]
    }
  },
  {
    "pk": 64,
    "model": "auth.permission",
    "fields": {
      "codename": "add_dsymobject",
      "name": "Can add d sym object",
      "content_type": [
        "sentry",
        "dsymobject"
      ]
    }
  },
  {
    "pk": 65,
    "model": "auth.permission",
    "fields": {
      "codename": "change_dsymobject",
      "name": "Can change d sym object",
      "content_type": [
        "sentry",
        "dsymobject"
      ]
    }
  },
  {
    "pk": 66,
    "model": "auth.permission",
    "fields": {
      "codename": "delete_dsymobject",
      "name": "Can delete d sym object",
      "content_type": [
        "sentry",
        "dsymobject"
      ]
    }
  },
  {
    "pk": 67,
    "model": "auth.permission",
    "fields": {
      "codename": "add_dsymbundle",
      "name": "Can add d sym bundle",
      "content_type": [
        "sentry",
        "dsymbundle"
      ]
    }
  },
  {
    "pk": 68,
    "model": "auth.permission",
    "fields": {
      "codename": "change_dsymbundle",
      "name": "Can change d sym bundle",
      "content_type": [
        "sentry",
        "dsymbundle"
      ]
    }
  },
  {
    "pk": 69,
    "model": "auth.permission",
    "fields": {
      "codename": "delete_dsymbundle",
      "name": "Can delete d sym bundle",
      "content_type": [
        "sentry",
        "dsymbundle"
      ]
    }
  },
  {
    "pk": 70,
    "model": "auth.permission",
    "fields": {
      "codename": "add_dsymsymbol",
      "name": "Can add d sym symbol",
      "content_type": [
        "sentry",
        "dsymsymbol"
      ]
    }
  },
  {
    "pk": 71,
    "model": "auth.permission",
    "fields": {
      "codename": "change_dsymsymbol",
      "name": "Can change d sym symbol",
      "content_type": [
        "sentry",
        "dsymsymbol"
      ]
    }
  },
  {
    "pk": 72,
    "model": "auth.permission",
    "fields": {
      "codename": "delete_dsymsymbol",
      "name": "Can delete d sym symbol",
      "content_type": [
        "sentry",
        "dsymsymbol"
      ]
    }
  },
  {
    "pk": 73,
    "model": "auth.permission",
    "fields": {
      "codename": "add_projectdsymfile",
      "name": "Can add project d sym file",
      "content_type": [
        "sentry",
        "projectdsymfile"
      ]
    }
  },
  {
    "pk": 74,
    "model": "auth.permission",
    "fields": {
      "codename": "change_projectdsymfile",
      "name": "Can change project d sym file",
      "content_type": [
        "sentry",
        "projectdsymfile"
      ]
    }
  },
  {
    "pk": 75,
    "model": "auth.permission",
    "fields": {
      "codename": "delete_projectdsymfile",
      "name": "Can delete project d sym file",
      "content_type": [
        "sentry",
        "projectdsymfile"
      ]
    }
  },
  {
    "pk": 76,
    "model": "auth.permission",
    "fields": {
      "codename": "add_globaldsymfile",
      "name": "Can add global d sym file",
      "content_type": [
        "sentry",
        "globaldsymfile"
      ]
    }
  },
  {
    "pk": 77,
    "model": "auth.permission",
    "fields": {
      "codename": "change_globaldsymfile",
      "name": "Can change global d sym file",
      "content_type": [
        "sentry",
        "globaldsymfile"
      ]
    }
  },
  {
    "pk": 78,
    "model": "auth.permission",
    "fields": {
      "codename": "delete_globaldsymfile",
      "name": "Can delete global d sym file",
      "content_type": [
        "sentry",
        "globaldsymfile"
      ]
    }
  },
  {
    "pk": 79,
    "model": "auth.permission",
    "fields": {
      "codename": "add_environment",
      "name": "Can add environment",
      "content_type": [
        "sentry",
        "environment"
      ]
    }
  },
  {
    "pk": 80,
    "model": "auth.permission",
    "fields": {
      "codename": "change_environment",
      "name": "Can change environment",
      "content_type": [
        "sentry",
        "environment"
      ]
    }
  },
  {
    "pk": 81,
    "model": "auth.permission",
    "fields": {
      "codename": "delete_environment",
      "name": "Can delete environment",
      "content_type": [
        "sentry",
        "environment"
      ]
    }
  },
  {
    "pk": 82,
    "model": "auth.permission",
    "fields": {
      "codename": "add_event",
      "name": "Can add message",
      "content_type": [
        "sentry",
        "event"
      ]
    }
  },
  {
    "pk": 83,
    "model": "auth.permission",
    "fields": {
      "codename": "change_event",
      "name": "Can change message",
      "content_type": [
        "sentry",
        "event"
      ]
    }
  },
  {
    "pk": 84,
    "model": "auth.permission",
    "fields": {
      "codename": "delete_event",
      "name": "Can delete message",
      "content_type": [
        "sentry",
        "event"
      ]
    }
  },
  {
    "pk": 85,
    "model": "auth.permission",
    "fields": {
      "codename": "add_eventmapping",
      "name": "Can add event mapping",
      "content_type": [
        "sentry",
        "eventmapping"
      ]
    }
  },
  {
    "pk": 86,
    "model": "auth.permission",
    "fields": {
      "codename": "change_eventmapping",
      "name": "Can change event mapping",
      "content_type": [
        "sentry",
        "eventmapping"
      ]
    }
  },
  {
    "pk": 87,
    "model": "auth.permission",
    "fields": {
      "codename": "delete_eventmapping",
      "name": "Can delete event mapping",
      "content_type": [
        "sentry",
        "eventmapping"
      ]
    }
  },
  {
    "pk": 88,
    "model": "auth.permission",
    "fields": {
      "codename": "add_eventtag",
      "name": "Can add event tag",
      "content_type": [
        "sentry",
        "eventtag"
      ]
    }
  },
  {
    "pk": 89,
    "model": "auth.permission",
    "fields": {
      "codename": "change_eventtag",
      "name": "Can change event tag",
      "content_type": [
        "sentry",
        "eventtag"
      ]
    }
  },
  {
    "pk": 90,
    "model": "auth.permission",
    "fields": {
      "codename": "delete_eventtag",
      "name": "Can delete event tag",
      "content_type": [
        "sentry",
        "eventtag"
      ]
    }
  },
  {
    "pk": 91,
    "model": "auth.permission",
    "fields": {
      "codename": "add_eventuser",
      "name": "Can add event user",
      "content_type": [
        "sentry",
        "eventuser"
      ]
    }
  },
  {
    "pk": 92,
    "model": "auth.permission",
    "fields": {
      "codename": "change_eventuser",
      "name": "Can change event user",
      "content_type": [
        "sentry",
        "eventuser"
      ]
    }
  },
  {
    "pk": 93,
    "model": "auth.permission",
    "fields": {
      "codename": "delete_eventuser",
      "name": "Can delete event user",
      "content_type": [
        "sentry",
        "eventuser"
      ]
    }
  },
  {
    "pk": 94,
    "model": "auth.permission",
    "fields": {
      "codename": "add_group",
      "name": "Can add grouped message",
      "content_type": [
        "sentry",
        "group"
      ]
    }
  },
  {
    "pk": 95,
    "model": "auth.permission",
    "fields": {
      "codename": "change_group",
      "name": "Can change grouped message",
      "content_type": [
        "sentry",
        "group"
      ]
    }
  },
  {
    "pk": 96,
    "model": "auth.permission",
    "fields": {
      "codename": "delete_group",
      "name": "Can delete grouped message",
      "content_type": [
        "sentry",
        "group"
      ]
    }
  },
  {
    "pk": 97,
    "model": "auth.permission",
    "fields": {
      "codename": "can_view",
      "name": "Can view",
      "content_type": [
        "sentry",
        "group"
      ]
    }
  },
  {
    "pk": 98,
    "model": "auth.permission",
    "fields": {
      "codename": "add_groupassignee",
      "name": "Can add group assignee",
      "content_type": [
        "sentry",
        "groupassignee"
      ]
    }
  },
  {
    "pk": 99,
    "model": "auth.permission",
    "fields": {
      "codename": "change_groupassignee",
      "name": "Can change group assignee",
      "content_type": [
        "sentry",
        "groupassignee"
      ]
    }
  },
  {
    "pk": 100,
    "model": "auth.permission",
    "fields": {
      "codename": "delete_groupassignee",
      "name": "Can delete group assignee",
      "content_type": [
        "sentry",
        "groupassignee"
      ]
    }
  },
  {
    "pk": 101,
    "model": "auth.permission",
    "fields": {
      "codename": "add_groupbookmark",
      "name": "Can add group bookmark",
      "content_type": [
        "sentry",
        "groupbookmark"
      ]
    }
  },
  {
    "pk": 102,
    "model": "auth.permission",
    "fields": {
      "codename": "change_groupbookmark",
      "name": "Can change group bookmark",
      "content_type": [
        "sentry",
        "groupbookmark"
      ]
    }
  },
  {
    "pk": 103,
    "model": "auth.permission",
    "fields": {
      "codename": "delete_groupbookmark",
      "name": "Can delete group bookmark",
      "content_type": [
        "sentry",
        "groupbookmark"
      ]
    }
  },
  {
    "pk": 104,
    "model": "auth.permission",
    "fields": {
      "codename": "add_groupemailthread",
      "name": "Can add group email thread",
      "content_type": [
        "sentry",
        "groupemailthread"
      ]
    }
  },
  {
    "pk": 105,
    "model": "auth.permission",
    "fields": {
      "codename": "change_groupemailthread",
      "name": "Can change group email thread",
      "content_type": [
        "sentry",
        "groupemailthread"
      ]
    }
  },
  {
    "pk": 106,
    "model": "auth.permission",
    "fields": {
      "codename": "delete_groupemailthread",
      "name": "Can delete group email thread",
      "content_type": [
        "sentry",
        "groupemailthread"
      ]
    }
  },
  {
    "pk": 107,
    "model": "auth.permission",
    "fields": {
      "codename": "add_grouphash",
      "name": "Can add group hash",
      "content_type": [
        "sentry",
        "grouphash"
      ]
    }
  },
  {
    "pk": 108,
    "model": "auth.permission",
    "fields": {
      "codename": "change_grouphash",
      "name": "Can change group hash",
      "content_type": [
        "sentry",
        "grouphash"
      ]
    }
  },
  {
    "pk": 109,
    "model": "auth.permission",
    "fields": {
      "codename": "delete_grouphash",
      "name": "Can delete group hash",
      "content_type": [
        "sentry",
        "grouphash"
      ]
    }
  },
  {
    "pk": 110,
    "model": "auth.permission",
    "fields": {
      "codename": "add_groupmeta",
      "name": "Can add group meta",
      "content_type": [
        "sentry",
        "groupmeta"
      ]
    }
  },
  {
    "pk": 111,
    "model": "auth.permission",
    "fields": {
      "codename": "change_groupmeta",
      "name": "Can change group meta",
      "content_type": [
        "sentry",
        "groupmeta"
      ]
    }
  },
  {
    "pk": 112,
    "model": "auth.permission",
    "fields": {
      "codename": "delete_groupmeta",
      "name": "Can delete group meta",
      "content_type": [
        "sentry",
        "groupmeta"
      ]
    }
  },
  {
    "pk": 113,
    "model": "auth.permission",
    "fields": {
      "codename": "add_groupredirect",
      "name": "Can add group redirect",
      "content_type": [
        "sentry",
        "groupredirect"
      ]
    }
  },
  {
    "pk": 114,
    "model": "auth.permission",
    "fields": {
      "codename": "change_groupredirect",
      "name": "Can change group redirect",
      "content_type": [
        "sentry",
        "groupredirect"
      ]
    }
  },
  {
    "pk": 115,
    "model": "auth.permission",
    "fields": {
      "codename": "delete_groupredirect",
      "name": "Can delete group redirect",
      "content_type": [
        "sentry",
        "groupredirect"
      ]
    }
  },
  {
    "pk": 116,
    "model": "auth.permission",
    "fields": {
      "codename": "add_grouprelease",
      "name": "Can add group release",
      "content_type": [
        "sentry",
        "grouprelease"
      ]
    }
  },
  {
    "pk": 117,
    "model": "auth.permission",
    "fields": {
      "codename": "change_grouprelease",
      "name": "Can change group release",
      "content_type": [
        "sentry",
        "grouprelease"
      ]
    }
  },
  {
    "pk": 118,
    "model": "auth.permission",
    "fields": {
      "codename": "delete_grouprelease",
      "name": "Can delete group release",
      "content_type": [
        "sentry",
        "grouprelease"
      ]
    }
  },
  {
    "pk": 119,
    "model": "auth.permission",
    "fields": {
      "codename": "add_groupresolution",
      "name": "Can add group resolution",
      "content_type": [
        "sentry",
        "groupresolution"
      ]
    }
  },
  {
    "pk": 120,
    "model": "auth.permission",
    "fields": {
      "codename": "change_groupresolution",
      "name": "Can change group resolution",
      "content_type": [
        "sentry",
        "groupresolution"
      ]
    }
  },
  {
    "pk": 121,
    "model": "auth.permission",
    "fields": {
      "codename": "delete_groupresolution",
      "name": "Can delete group resolution",
      "content_type": [
        "sentry",
        "groupresolution"
      ]
    }
  },
  {
    "pk": 122,
    "model": "auth.permission",
    "fields": {
      "codename": "add_grouprulestatus",
      "name": "Can add group rule status",
      "content_type": [
        "sentry",
        "grouprulestatus"
      ]
    }
  },
  {
    "pk": 123,
    "model": "auth.permission",
    "fields": {
      "codename": "change_grouprulestatus",
      "name": "Can change group rule status",
      "content_type": [
        "sentry",
        "grouprulestatus"
      ]
    }
  },
  {
    "pk": 124,
    "model": "auth.permission",
    "fields": {
      "codename": "delete_grouprulestatus",
      "name": "Can delete group rule status",
      "content_type": [
        "sentry",
        "grouprulestatus"
      ]
    }
  },
  {
    "pk": 125,
    "model": "auth.permission",
    "fields": {
      "codename": "add_groupseen",
      "name": "Can add group seen",
      "content_type": [
        "sentry",
        "groupseen"
      ]
    }
  },
  {
    "pk": 126,
    "model": "auth.permission",
    "fields": {
      "codename": "change_groupseen",
      "name": "Can change group seen",
      "content_type": [
        "sentry",
        "groupseen"
      ]
    }
  },
  {
    "pk": 127,
    "model": "auth.permission",
    "fields": {
      "codename": "delete_groupseen",
      "name": "Can delete group seen",
      "content_type": [
        "sentry",
        "groupseen"
      ]
    }
  },
  {
    "pk": 128,
    "model": "auth.permission",
    "fields": {
      "codename": "add_groupsnooze",
      "name": "Can add group snooze",
      "content_type": [
        "sentry",
        "groupsnooze"
      ]
    }
  },
  {
    "pk": 129,
    "model": "auth.permission",
    "fields": {
      "codename": "change_groupsnooze",
      "name": "Can change group snooze",
      "content_type": [
        "sentry",
        "groupsnooze"
      ]
    }
  },
  {
    "pk": 130,
    "model": "auth.permission",
    "fields": {
      "codename": "delete_groupsnooze",
      "name": "Can delete group snooze",
      "content_type": [
        "sentry",
        "groupsnooze"
      ]
    }
  },
  {
    "pk": 131,
    "model": "auth.permission",
    "fields": {
      "codename": "add_groupsubscription",
      "name": "Can add group subscription",
      "content_type": [
        "sentry",
        "groupsubscription"
      ]
    }
  },
  {
    "pk": 132,
    "model": "auth.permission",
    "fields": {
      "codename": "change_groupsubscription",
      "name": "Can change group subscription",
      "content_type": [
        "sentry",
        "groupsubscription"
      ]
    }
  },
  {
    "pk": 133,
    "model": "auth.permission",
    "fields": {
      "codename": "delete_groupsubscription",
      "name": "Can delete group subscription",
      "content_type": [
        "sentry",
        "groupsubscription"
      ]
    }
  },
  {
    "pk": 134,
    "model": "auth.permission",
    "fields": {
      "codename": "add_grouptagkey",
      "name": "Can add group tag key",
      "content_type": [
        "sentry",
        "grouptagkey"
      ]
    }
  },
  {
    "pk": 135,
    "model": "auth.permission",
    "fields": {
      "codename": "change_grouptagkey",
      "name": "Can change group tag key",
      "content_type": [
        "sentry",
        "grouptagkey"
      ]
    }
  },
  {
    "pk": 136,
    "model": "auth.permission",
    "fields": {
      "codename": "delete_grouptagkey",
      "name": "Can delete group tag key",
      "content_type": [
        "sentry",
        "grouptagkey"
      ]
    }
  },
  {
    "pk": 137,
    "model": "auth.permission",
    "fields": {
      "codename": "add_grouptagvalue",
      "name": "Can add group tag value",
      "content_type": [
        "sentry",
        "grouptagvalue"
      ]
    }
  },
  {
    "pk": 138,
    "model": "auth.permission",
    "fields": {
      "codename": "change_grouptagvalue",
      "name": "Can change group tag value",
      "content_type": [
        "sentry",
        "grouptagvalue"
      ]
    }
  },
  {
    "pk": 139,
    "model": "auth.permission",
    "fields": {
      "codename": "delete_grouptagvalue",
      "name": "Can delete group tag value",
      "content_type": [
        "sentry",
        "grouptagvalue"
      ]
    }
  },
  {
    "pk": 140,
    "model": "auth.permission",
    "fields": {
      "codename": "add_lostpasswordhash",
      "name": "Can add lost password hash",
      "content_type": [
        "sentry",
        "lostpasswordhash"
      ]
    }
  },
  {
    "pk": 141,
    "model": "auth.permission",
    "fields": {
      "codename": "change_lostpasswordhash",
      "name": "Can change lost password hash",
      "content_type": [
        "sentry",
        "lostpasswordhash"
      ]
    }
  },
  {
    "pk": 142,
    "model": "auth.permission",
    "fields": {
      "codename": "delete_lostpasswordhash",
      "name": "Can delete lost password hash",
      "content_type": [
        "sentry",
        "lostpasswordhash"
      ]
    }
  },
  {
    "pk": 143,
    "model": "auth.permission",
    "fields": {
      "codename": "add_option",
      "name": "Can add option",
      "content_type": [
        "sentry",
        "option"
      ]
    }
  },
  {
    "pk": 144,
    "model": "auth.permission",
    "fields": {
      "codename": "change_option",
      "name": "Can change option",
      "content_type": [
        "sentry",
        "option"
      ]
    }
  },
  {
    "pk": 145,
    "model": "auth.permission",
    "fields": {
      "codename": "delete_option",
      "name": "Can delete option",
      "content_type": [
        "sentry",
        "option"
      ]
    }
  },
  {
    "pk": 146,
    "model": "auth.permission",
    "fields": {
      "codename": "add_organization",
      "name": "Can add organization",
      "content_type": [
        "sentry",
        "organization"
      ]
    }
  },
  {
    "pk": 147,
    "model": "auth.permission",
    "fields": {
      "codename": "change_organization",
      "name": "Can change organization",
      "content_type": [
        "sentry",
        "organization"
      ]
    }
  },
  {
    "pk": 148,
    "model": "auth.permission",
    "fields": {
      "codename": "delete_organization",
      "name": "Can delete organization",
      "content_type": [
        "sentry",
        "organization"
      ]
    }
  },
  {
    "pk": 149,
    "model": "auth.permission",
    "fields": {
      "codename": "add_organizationaccessrequest",
      "name": "Can add organization access request",
      "content_type": [
        "sentry",
        "organizationaccessrequest"
      ]
    }
  },
  {
    "pk": 150,
    "model": "auth.permission",
    "fields": {
      "codename": "change_organizationaccessrequest",
      "name": "Can change organization access request",
      "content_type": [
        "sentry",
        "organizationaccessrequest"
      ]
    }
  },
  {
    "pk": 151,
    "model": "auth.permission",
    "fields": {
      "codename": "delete_organizationaccessrequest",
      "name": "Can delete organization access request",
      "content_type": [
        "sentry",
        "organizationaccessrequest"
      ]
    }
  },
  {
    "pk": 152,
    "model": "auth.permission",
    "fields": {
      "codename": "add_organizationmemberteam",
      "name": "Can add organization member team",
      "content_type": [
        "sentry",
        "organizationmemberteam"
      ]
    }
  },
  {
    "pk": 153,
    "model": "auth.permission",
    "fields": {
      "codename": "change_organizationmemberteam",
      "name": "Can change organization member team",
      "content_type": [
        "sentry",
        "organizationmemberteam"
      ]
    }
  },
  {
    "pk": 154,
    "model": "auth.permission",
    "fields": {
      "codename": "delete_organizationmemberteam",
      "name": "Can delete organization member team",
      "content_type": [
        "sentry",
        "organizationmemberteam"
      ]
    }
  },
  {
    "pk": 155,
    "model": "auth.permission",
    "fields": {
      "codename": "add_organizationmember",
      "name": "Can add organization member",
      "content_type": [
        "sentry",
        "organizationmember"
      ]
    }
  },
  {
    "pk": 156,
    "model": "auth.permission",
    "fields": {
      "codename": "change_organizationmember",
      "name": "Can change organization member",
      "content_type": [
        "sentry",
        "organizationmember"
      ]
    }
  },
  {
    "pk": 157,
    "model": "auth.permission",
    "fields": {
      "codename": "delete_organizationmember",
      "name": "Can delete organization member",
      "content_type": [
        "sentry",
        "organizationmember"
      ]
    }
  },
  {
    "pk": 158,
    "model": "auth.permission",
    "fields": {
      "codename": "add_organizationonboardingtask",
      "name": "Can add organization onboarding task",
      "content_type": [
        "sentry",
        "organizationonboardingtask"
      ]
    }
  },
  {
    "pk": 159,
    "model": "auth.permission",
    "fields": {
      "codename": "change_organizationonboardingtask",
      "name": "Can change organization onboarding task",
      "content_type": [
        "sentry",
        "organizationonboardingtask"
      ]
    }
  },
  {
    "pk": 160,
    "model": "auth.permission",
    "fields": {
      "codename": "delete_organizationonboardingtask",
      "name": "Can delete organization onboarding task",
      "content_type": [
        "sentry",
        "organizationonboardingtask"
      ]
    }
  },
  {
    "pk": 161,
    "model": "auth.permission",
    "fields": {
      "codename": "add_organizationoption",
      "name": "Can add organization option",
      "content_type": [
        "sentry",
        "organizationoption"
      ]
    }
  },
  {
    "pk": 162,
    "model": "auth.permission",
    "fields": {
      "codename": "change_organizationoption",
      "name": "Can change organization option",
      "content_type": [
        "sentry",
        "organizationoption"
      ]
    }
  },
  {
    "pk": 163,
    "model": "auth.permission",
    "fields": {
      "codename": "delete_organizationoption",
      "name": "Can delete organization option",
      "content_type": [
        "sentry",
        "organizationoption"
      ]
    }
  },
  {
    "pk": 164,
    "model": "auth.permission",
    "fields": {
      "codename": "add_project",
      "name": "Can add project",
      "content_type": [
        "sentry",
        "project"
      ]
    }
  },
  {
    "pk": 165,
    "model": "auth.permission",
    "fields": {
      "codename": "change_project",
      "name": "Can change project",
      "content_type": [
        "sentry",
        "project"
      ]
    }
  },
  {
    "pk": 166,
    "model": "auth.permission",
    "fields": {
      "codename": "delete_project",
      "name": "Can delete project",
      "content_type": [
        "sentry",
        "project"
      ]
    }
  },
  {
    "pk": 167,
    "model": "auth.permission",
    "fields": {
      "codename": "add_projectbookmark",
      "name": "Can add project bookmark",
      "content_type": [
        "sentry",
        "projectbookmark"
      ]
    }
  },
  {
    "pk": 168,
    "model": "auth.permission",
    "fields": {
      "codename": "change_projectbookmark",
      "name": "Can change project bookmark",
      "content_type": [
        "sentry",
        "projectbookmark"
      ]
    }
  },
  {
    "pk": 169,
    "model": "auth.permission",
    "fields": {
      "codename": "delete_projectbookmark",
      "name": "Can delete project bookmark",
      "content_type": [
        "sentry",
        "projectbookmark"
      ]
    }
  },
  {
    "pk": 170,
    "model": "auth.permission",
    "fields": {
      "codename": "add_projectkey",
      "name": "Can add project key",
      "content_type": [
        "sentry",
        "projectkey"
      ]
    }
  },
  {
    "pk": 171,
    "model": "auth.permission",
    "fields": {
      "codename": "change_projectkey",
      "name": "Can change project key",
      "content_type": [
        "sentry",
        "projectkey"
      ]
    }
  },
  {
    "pk": 172,
    "model": "auth.permission",
    "fields": {
      "codename": "delete_projectkey",
      "name": "Can delete project key",
      "content_type": [
        "sentry",
        "projectkey"
      ]
    }
  },
  {
    "pk": 173,
    "model": "auth.permission",
    "fields": {
      "codename": "add_projectoption",
      "name": "Can add project option",
      "content_type": [
        "sentry",
        "projectoption"
      ]
    }
  },
  {
    "pk": 174,
    "model": "auth.permission",
    "fields": {
      "codename": "change_projectoption",
      "name": "Can change project option",
      "content_type": [
        "sentry",
        "projectoption"
      ]
    }
  },
  {
    "pk": 175,
    "model": "auth.permission",
    "fields": {
      "codename": "delete_projectoption",
      "name": "Can delete project option",
      "content_type": [
        "sentry",
        "projectoption"
      ]
    }
  },
  {
    "pk": 176,
    "model": "auth.permission",
    "fields": {
      "codename": "add_projectplatform",
      "name": "Can add project platform",
      "content_type": [
        "sentry",
        "projectplatform"
      ]
    }
  },
  {
    "pk": 177,
    "model": "auth.permission",
    "fields": {
      "codename": "change_projectplatform",
      "name": "Can change project platform",
      "content_type": [
        "sentry",
        "projectplatform"
      ]
    }
  },
  {
    "pk": 178,
    "model": "auth.permission",
    "fields": {
      "codename": "delete_projectplatform",
      "name": "Can delete project platform",
      "content_type": [
        "sentry",
        "projectplatform"
      ]
    }
  },
  {
    "pk": 179,
    "model": "auth.permission",
    "fields": {
      "codename": "add_release",
      "name": "Can add release",
      "content_type": [
        "sentry",
        "release"
      ]
    }
  },
  {
    "pk": 180,
    "model": "auth.permission",
    "fields": {
      "codename": "change_release",
      "name": "Can change release",
      "content_type": [
        "sentry",
        "release"
      ]
    }
  },
  {
    "pk": 181,
    "model": "auth.permission",
    "fields": {
      "codename": "delete_release",
      "name": "Can delete release",
      "content_type": [
        "sentry",
        "release"
      ]
    }
  },
  {
    "pk": 182,
    "model": "auth.permission",
    "fields": {
      "codename": "add_releaseenvironment",
      "name": "Can add release environment",
      "content_type": [
        "sentry",
        "releaseenvironment"
      ]
    }
  },
  {
    "pk": 183,
    "model": "auth.permission",
    "fields": {
      "codename": "change_releaseenvironment",
      "name": "Can change release environment",
      "content_type": [
        "sentry",
        "releaseenvironment"
      ]
    }
  },
  {
    "pk": 184,
    "model": "auth.permission",
    "fields": {
      "codename": "delete_releaseenvironment",
      "name": "Can delete release environment",
      "content_type": [
        "sentry",
        "releaseenvironment"
      ]
    }
  },
  {
    "pk": 185,
    "model": "auth.permission",
    "fields": {
      "codename": "add_releasefile",
      "name": "Can add release file",
      "content_type": [
        "sentry",
        "releasefile"
      ]
    }
  },
  {
    "pk": 186,
    "model": "auth.permission",
    "fields": {
      "codename": "change_releasefile",
      "name": "Can change release file",
      "content_type": [
        "sentry",
        "releasefile"
      ]
    }
  },
  {
    "pk": 187,
    "model": "auth.permission",
    "fields": {
      "codename": "delete_releasefile",
      "name": "Can delete release file",
      "content_type": [
        "sentry",
        "releasefile"
      ]
    }
  },
  {
    "pk": 188,
    "model": "auth.permission",
    "fields": {
      "codename": "add_rule",
      "name": "Can add rule",
      "content_type": [
        "sentry",
        "rule"
      ]
    }
  },
  {
    "pk": 189,
    "model": "auth.permission",
    "fields": {
      "codename": "change_rule",
      "name": "Can change rule",
      "content_type": [
        "sentry",
        "rule"
      ]
    }
  },
  {
    "pk": 190,
    "model": "auth.permission",
    "fields": {
      "codename": "delete_rule",
      "name": "Can delete rule",
      "content_type": [
        "sentry",
        "rule"
      ]
    }
  },
  {
    "pk": 191,
    "model": "auth.permission",
    "fields": {
      "codename": "add_savedsearch",
      "name": "Can add saved search",
      "content_type": [
        "sentry",
        "savedsearch"
      ]
    }
  },
  {
    "pk": 192,
    "model": "auth.permission",
    "fields": {
      "codename": "change_savedsearch",
      "name": "Can change saved search",
      "content_type": [
        "sentry",
        "savedsearch"
      ]
    }
  },
  {
    "pk": 193,
    "model": "auth.permission",
    "fields": {
      "codename": "delete_savedsearch",
      "name": "Can delete saved search",
      "content_type": [
        "sentry",
        "savedsearch"
      ]
    }
  },
  {
    "pk": 194,
    "model": "auth.permission",
    "fields": {
      "codename": "add_savedsearchuserdefault",
      "name": "Can add saved search user default",
      "content_type": [
        "sentry",
        "savedsearchuserdefault"
      ]
    }
  },
  {
    "pk": 195,
    "model": "auth.permission",
    "fields": {
      "codename": "change_savedsearchuserdefault",
      "name": "Can change saved search user default",
      "content_type": [
        "sentry",
        "savedsearchuserdefault"
      ]
    }
  },
  {
    "pk": 196,
    "model": "auth.permission",
    "fields": {
      "codename": "delete_savedsearchuserdefault",
      "name": "Can delete saved search user default",
      "content_type": [
        "sentry",
        "savedsearchuserdefault"
      ]
    }
  },
  {
    "pk": 197,
    "model": "auth.permission",
    "fields": {
      "codename": "add_tagkey",
      "name": "Can add tag key",
      "content_type": [
        "sentry",
        "tagkey"
      ]
    }
  },
  {
    "pk": 198,
    "model": "auth.permission",
    "fields": {
      "codename": "change_tagkey",
      "name": "Can change tag key",
      "content_type": [
        "sentry",
        "tagkey"
      ]
    }
  },
  {
    "pk": 199,
    "model": "auth.permission",
    "fields": {
      "codename": "delete_tagkey",
      "name": "Can delete tag key",
      "content_type": [
        "sentry",
        "tagkey"
      ]
    }
  },
  {
    "pk": 200,
    "model": "auth.permission",
    "fields": {
      "codename": "add_tagvalue",
      "name": "Can add tag value",
      "content_type": [
        "sentry",
        "tagvalue"
      ]
    }
  },
  {
    "pk": 201,
    "model": "auth.permission",
    "fields": {
      "codename": "change_tagvalue",
      "name": "Can change tag value",
      "content_type": [
        "sentry",
        "tagvalue"
      ]
    }
  },
  {
    "pk": 202,
    "model": "auth.permission",
    "fields": {
      "codename": "delete_tagvalue",
      "name": "Can delete tag value",
      "content_type": [
        "sentry",
        "tagvalue"
      ]
    }
  },
  {
    "pk": 203,
    "model": "auth.permission",
    "fields": {
      "codename": "add_team",
      "name": "Can add team",
      "content_type": [
        "sentry",
        "team"
      ]
    }
  },
  {
    "pk": 204,
    "model": "auth.permission",
    "fields": {
      "codename": "change_team",
      "name": "Can change team",
      "content_type": [
        "sentry",
        "team"
      ]
    }
  },
  {
    "pk": 205,
    "model": "auth.permission",
    "fields": {
      "codename": "delete_team",
      "name": "Can delete team",
      "content_type": [
        "sentry",
        "team"
      ]
    }
  },
  {
    "pk": 206,
    "model": "auth.permission",
    "fields": {
      "codename": "add_user",
      "name": "Can add user",
      "content_type": [
        "sentry",
        "user"
      ]
    }
  },
  {
    "pk": 207,
    "model": "auth.permission",
    "fields": {
      "codename": "change_user",
      "name": "Can change user",
      "content_type": [
        "sentry",
        "user"
      ]
    }
  },
  {
    "pk": 208,
    "model": "auth.permission",
    "fields": {
      "codename": "delete_user",
      "name": "Can delete user",
      "content_type": [
        "sentry",
        "user"
      ]
    }
  },
  {
    "pk": 209,
    "model": "auth.permission",
    "fields": {
      "codename": "add_useravatar",
      "name": "Can add user avatar",
      "content_type": [
        "sentry",
        "useravatar"
      ]
    }
  },
  {
    "pk": 210,
    "model": "auth.permission",
    "fields": {
      "codename": "change_useravatar",
      "name": "Can change user avatar",
      "content_type": [
        "sentry",
        "useravatar"
      ]
    }
  },
  {
    "pk": 211,
    "model": "auth.permission",
    "fields": {
      "codename": "delete_useravatar",
      "name": "Can delete user avatar",
      "content_type": [
        "sentry",
        "useravatar"
      ]
    }
  },
  {
    "pk": 212,
    "model": "auth.permission",
    "fields": {
      "codename": "add_useremail",
      "name": "Can add user email",
      "content_type": [
        "sentry",
        "useremail"
      ]
    }
  },
  {
    "pk": 213,
    "model": "auth.permission",
    "fields": {
      "codename": "change_useremail",
      "name": "Can change user email",
      "content_type": [
        "sentry",
        "useremail"
      ]
    }
  },
  {
    "pk": 214,
    "model": "auth.permission",
    "fields": {
      "codename": "delete_useremail",
      "name": "Can delete user email",
      "content_type": [
        "sentry",
        "useremail"
      ]
    }
  },
  {
    "pk": 215,
    "model": "auth.permission",
    "fields": {
      "codename": "add_useroption",
      "name": "Can add user option",
      "content_type": [
        "sentry",
        "useroption"
      ]
    }
  },
  {
    "pk": 216,
    "model": "auth.permission",
    "fields": {
      "codename": "change_useroption",
      "name": "Can change user option",
      "content_type": [
        "sentry",
        "useroption"
      ]
    }
  },
  {
    "pk": 217,
    "model": "auth.permission",
    "fields": {
      "codename": "delete_useroption",
      "name": "Can delete user option",
      "content_type": [
        "sentry",
        "useroption"
      ]
    }
  },
  {
    "pk": 218,
    "model": "auth.permission",
    "fields": {
      "codename": "add_userreport",
      "name": "Can add user report",
      "content_type": [
        "sentry",
        "userreport"
      ]
    }
  },
  {
    "pk": 219,
    "model": "auth.permission",
    "fields": {
      "codename": "change_userreport",
      "name": "Can change user report",
      "content_type": [
        "sentry",
        "userreport"
      ]
    }
  },
  {
    "pk": 220,
    "model": "auth.permission",
    "fields": {
      "codename": "delete_userreport",
      "name": "Can delete user report",
      "content_type": [
        "sentry",
        "userreport"
      ]
    }
  },
  {
    "pk": 221,
    "model": "auth.permission",
    "fields": {
      "codename": "add_node",
      "name": "Can add node",
      "content_type": [
        "nodestore",
        "node"
      ]
    }
  },
  {
    "pk": 222,
    "model": "auth.permission",
    "fields": {
      "codename": "change_node",
      "name": "Can change node",
      "content_type": [
        "nodestore",
        "node"
      ]
    }
  },
  {
    "pk": 223,
    "model": "auth.permission",
    "fields": {
      "codename": "delete_node",
      "name": "Can delete node",
      "content_type": [
        "nodestore",
        "node"
      ]
    }
  },
  {
    "pk": 224,
    "model": "auth.permission",
    "fields": {
      "codename": "add_usersocialauth",
      "name": "Can add user social auth",
      "content_type": [
        "social_auth",
        "usersocialauth"
      ]
    }
  },
  {
    "pk": 225,
    "model": "auth.permission",
    "fields": {
      "codename": "change_usersocialauth",
      "name": "Can change user social auth",
      "content_type": [
        "social_auth",
        "usersocialauth"
      ]
    }
  },
  {
    "pk": 226,
    "model": "auth.permission",
    "fields": {
      "codename": "delete_usersocialauth",
      "name": "Can delete user social auth",
      "content_type": [
        "social_auth",
        "usersocialauth"
      ]
    }
  },
  {
    "pk": 1,
    "model": "sentry.team",
    "fields": {
      "status": 0,
      "organization": 1,
      "slug": "sentry",
      "date_added": "2016-09-20T10:48:51.977Z",
      "name": "Sentry"
    }
  },
  {
    "pk": 1,
    "model": "sentry.project",
    "fields": {
      "status": 0,
      "name": "Internal",
      "date_added": "2016-09-20T10:48:51.978Z",
      "forced_color": null,
      "public": false,
      "first_event": null,
      "team": 1,
      "organization": 1,
      "slug": "internal"
    }
  },
  {
    "pk": 2,
    "model": "sentry.project",
    "fields": {
      "status": 0,
      "name": "krogrouletten",
      "date_added": "2016-09-20T10:50:45.268Z",
      "forced_color": null,
      "public": false,
      "first_event": null,
      "team": 1,
      "organization": 1,
      "slug": "krogrouletten"
    }
  },
  {
    "pk": 1,
    "model": "sentry.organizationmember",
    "fields": {
      "has_global_access": true,
      "token": null,
      "flags": "0",
      "user": [
        "test@test.se"
      ],
      "date_added": "2016-09-20T10:48:59.081Z",
      "organization": 1,
      "role": "owner",
      "type": 50,
      "email": null
    }
  },
  {
    "pk": 1,
    "model": "sentry.organizationmemberteam",
    "fields": {
      "is_active": true,
      "organizationmember": 1,
      "team": 1
    }
  },
  {
    "pk": 1,
    "model": "sentry.projectkey",
    "fields": {
      "status": 0,
      "public_key": "234f81e37d7d4fada4fd7241c267d1ea",
      "roles": "1",
      "label": "Default",
      "project": 1,
      "date_added": "2016-09-20T10:48:51.981Z",
      "secret_key": "6b6f1a8c3c2646dd90a241a3693d4436"
    }
  },
  {
    "pk": 2,
    "model": "sentry.projectkey",
    "fields": {
      "status": 0,
      "public_key": "3ed6475242b24270b6c3ab96b692cd38",
      "roles": "1",
      "label": "Default",
      "project": 2,
      "date_added": "2016-09-20T10:50:45.271Z",
      "secret_key": "99f9c9a5a601403fb5c84e993c3caad5"
    }
  },
  {
    "pk": 1,
    "model": "sentry.projectoption",
    "fields": {
      "project": 1,
      "value": "gAJdcQFVASphLg==",
      "key": "sentry:origins"
    }
  },
  {
    "pk": 2,
    "model": "sentry.projectoption",
    "fields": {
      "project": 1,
      "value": "gAJYIAAAADE4ZGYyODZjN2YyMDExZTZhYTk2MDI0MmFjMTQwMDA2cQEu",
      "key": "sentry:token"
    }
  },
  {
    "pk": 3,
    "model": "sentry.projectoption",
    "fields": {
      "project": 2,
      "value": "gAJYIAAAADIyM2JjMTlhN2YyMDExZTY4YjlkMDI0MmFjMTQwMDA2cQEu",
      "key": "sentry:token"
    }
  },
  {
    "pk": 1,
    "model": "sentry.rule",
    "fields": {
      "project": 1,
      "status": 0,
      "data": "eJxljr0OwyAMhHe/CEyopP9jFbVjFx4gQkBaJAoI00p5+5ooUYduvvPZ33GbJShmUrS++hSRQe6Ah7wFbvOOVt6StacBXaxlEuUdHIrfgRh9wTqgc3FwH8qIWzMU6WuT/ZqkNwdAjYq9dDVPkkf6qkOg6QRka7M2OLcGctMqSAmPP/qSFDFVP04L9j6LmXkxC1B2jSi+gKlNZQ==",
      "date_added": "2016-09-20T10:48:51.983Z",
      "label": "Send a notification for new events"
    }
  },
  {
    "pk": 2,
    "model": "sentry.rule",
    "fields": {
      "project": 2,
      "status": 0,
      "data": "eJxljr0OwyAMhHe/CEyopP9jFbVjFx4gQkBaJAoI00p5+5ooUYduvvPZ33GbJShmUrS++hSRQe6Ah7wFbvOOVt6StacBXaxlEuUdHIrfgRh9wTqgc3FwH8qIWzMU6WuT/ZqkNwdAjYq9dDVPkkf6qkOg6QRka7M2OLcGctMqSAmPP/qSFDFVP04L9j6LmXkxC1B2jSi+gKlNZQ==",
      "date_added": "2016-09-20T10:50:45.276Z",
      "label": "Send a notification for new events"
    }
  },
  {
    "pk": 1,
    "model": "sentry.savedsearch",
    "fields": {
      "project": 1,
      "query": "is:unresolved",
      "is_default": true,
      "name": "Unresolved Issues",
      "date_added": "2016-09-20T10:48:51.986Z"
    }
  },
  {
    "pk": 2,
    "model": "sentry.savedsearch",
    "fields": {
      "project": 1,
      "query": "is:unresolved is:unassigned",
      "is_default": false,
      "name": "Needs Triage",
      "date_added": "2016-09-20T10:48:51.988Z"
    }
  },
  {
    "pk": 3,
    "model": "sentry.savedsearch",
    "fields": {
      "project": 1,
      "query": "is:unresolved assigned:me",
      "is_default": false,
      "name": "Assigned To Me",
      "date_added": "2016-09-20T10:48:51.990Z"
    }
  },
  {
    "pk": 4,
    "model": "sentry.savedsearch",
    "fields": {
      "project": 1,
      "query": "is:unresolved bookmarks:me",
      "is_default": false,
      "name": "My Bookmarks",
      "date_added": "2016-09-20T10:48:51.992Z"
    }
  },
  {
    "pk": 5,
    "model": "sentry.savedsearch",
    "fields": {
      "project": 1,
      "query": "is:unresolved age:-24h",
      "is_default": false,
      "name": "New Today",
      "date_added": "2016-09-20T10:48:51.994Z"
    }
  },
  {
    "pk": 6,
    "model": "sentry.savedsearch",
    "fields": {
      "project": 2,
      "query": "is:unresolved",
      "is_default": true,
      "name": "Unresolved Issues",
      "date_added": "2016-09-20T10:50:45.279Z"
    }
  },
  {
    "pk": 7,
    "model": "sentry.savedsearch",
    "fields": {
      "project": 2,
      "query": "is:unresolved is:unassigned",
      "is_default": false,
      "name": "Needs Triage",
      "date_added": "2016-09-20T10:50:45.281Z"
    }
  },
  {
    "pk": 8,
    "model": "sentry.savedsearch",
    "fields": {
      "project": 2,
      "query": "is:unresolved assigned:me",
      "is_default": false,
      "name": "Assigned To Me",
      "date_added": "2016-09-20T10:50:45.282Z"
    }
  },
  {
    "pk": 9,
    "model": "sentry.savedsearch",
    "fields": {
      "project": 2,
      "query": "is:unresolved bookmarks:me",
      "is_default": false,
      "name": "My Bookmarks",
      "date_added": "2016-09-20T10:50:45.283Z"
    }
  },
  {
    "pk": 10,
    "model": "sentry.savedsearch",
    "fields": {
      "project": 2,
      "query": "is:unresolved age:-24h",
      "is_default": false,
      "name": "New Today",
      "date_added": "2016-09-20T10:50:45.284Z"
    }
  }
]